{"stat.useItem.minecraft.bow":40,"stat.craftItem.blockcraftery.editable_slant":8,"stat.craftItem.blockcraftery.editable_door":3,"stat.pickup.extrautils2.redorchid":1,"stat.drop.minecraft.redstone":3,"stat.craftItem.excompressum.compressed_hammer_stone":5,"stat.useItem.chancecubes.chance_cube":51,"stat.drop.exnihilocreatio.item_pebble":4,"stat.mineBlock.minecraft.web":9,"stat.useItem.chesttransporter.chesttransporter_diamond":16,"stat.pickup.minecraft.rotten_flesh":52,"stat.useItem.minecraft.diamond_hoe":6,"stat.craftItem.minecraft.stone_axe":1,"stat.pickup.minecraft.cobblestone_wall":32,"stat.pickup.minecraft.bucket":5,"stat.mineBlock.blockcraftery.editable_wall":1,"stat.craftItem.excompressum.bait":12,"stat.useItem.tconstruct.slime_sapling":3,"stat.pickup.thermalfoundation.upgrade":2,"stat.useItem.minecraft.iron_pickaxe":94,"stat.mineBlock.randomthings.rainbowlamp":74,"stat.craftItem.stonechest.chest_cobblestone":8,"stat.craftItem.yabba.upgrade_pickup":1,"stat.pickup.enderio.item_basic_capacitor":19,"stat.mineBlock.minecraft.sticky_piston":5,"stat.furnaceInteraction":54,"stat.pickup.chickens.liquid_egg":691,"stat.useItem.exnihilocreatio.item_cooked_silkworm":61,"stat.useItem.exnihilocreatio.item_seed_potato":2,"stat.pickup.exnihilocreatio.item_cooked_silkworm":2,"stat.useItem.tconstruct.stone_torch":88,"stat.useItem.minecraft.fence":41,"stat.pickup.actuallyadditions.item_crystal":586,"stat.drop.cyclicmagic.magnet_block":1,"stat.pickup.extrautils2.decorativeglass":12,"stat.pickup.tconstruct.hammer":1,"stat.mineBlock.minecraft.fence":36,"stat.useItem.minecraft.wheat_seeds":10,"stat.pickup.cyclicmagic.energy_pump":1,"stat.useItem.blockcraftery.editable_door":2,"stat.pickup.immersiveengineering.sheetmetal":32,"stat.pickup.minecraft.emerald":241,"stat.craftItem.extrautils2.decorativeglass":192,"stat.pickup.minecraft.lever":6,"stat.deaths":5,"stat.pickup.minecraft.egg":27,"stat.craftItem.hatchery.manure_block":1,"stat.pickup.thaumcraft.crystal_terra":23,"stat.pickup.minecraft.clock":6,"stat.craftItem.minecraft.iron_pickaxe":1,"stat.drop.tp.birthday_pickaxe":1,"stat.pickup.minecraft.glass_pane":15,"stat.pickup.draconicevolution.draconium_ingot":291,"stat.drop.minecraft.iron_ingot":8,"stat.craftItem.minecraft.repeater":8,"stat.chestOpened":604,"stat.pickup.harvestcraft.cherry_sapling":1,"stat.pickup.botania.mushroom":2,"stat.pickup.minecraft.iron_sword":6,"stat.pickup.yabba.upgrade_diamond_tier":64,"stat.pickup.appliedenergistics2.quartz_block":51,"stat.craftItem.minecraft.coal":60,"stat.mineBlock.botania.mushroom":2,"stat.useItem.roost.breeder":22,"stat.pickup.enderio.item_alloy_ingot":839,"stat.pickup.minecraft.carrot":9,"stat.crouchOneCm":88475,"stat.craftItem.minecraft.iron_ingot":9,"stat.drop.tp.bams_pizza":1,"stat.craftingTableInteraction":73,"stat.craftItem.extrautils2.decorativesolid":640,"stat.craftItem.blockcraftery.editable_trap_door":42,"stat.pickup.ceramics.clay_hard":64,"stat.pickup.minecraft.repeater":23,"stat.mineBlock.minecraft.log2":592,"stat.pickup.thermalfoundation.tome_lexicon":1,"stat.pickup.minecraft.dye":11918,"stat.pickup.minecraft.planks":55,"stat.mineBlock.roost.breeder":32,"stat.useItem.extrautils2.decorativeglass":130,"stat.craftItem.tconstruct.slime_congealed":7,"stat.craftItem.roost.catcher":2,"stat.pickup.exnihilocreatio.item_mesh":3,"stat.craftItem.immersiveengineering.sheetmetal":508,"stat.mineBlock.extrautils2.compresseddirt":218,"stat.pickup.tp.glowstone_glass":11,"stat.pickup.quantumflux.imaginarytime":1,"stat.pickup.extrautils2.crafter":4,"stat.pickup.stonechest.chest_cobblestone":8,"stat.drop.minecraft.sapling":1,"stat.pickup.minecraft.chicken":1228,"stat.pickup.minecraft.tipped_arrow":180,"stat.pickup.minecraft.coal_block":28,"stat.craftItem.minecraft.bucket":66,"stat.craftItem.minecraft.planks":3896,"stat.useItem.minecraft.iron_sword":261,"stat.pickup.torchmaster.mega_torch":38,"stat.craftItem.minecraft.dirt":4220,"stat.craftItem.tconstruct.stone_torch":104,"stat.craftItem.minecraft.fishing_rod":1,"stat.useItem.ceramics.clay_slab":4,"stat.useItem.chickens.liquid_egg":5,"stat.useItem.roost.chicken":1020,"stat.pickup.appliedenergistics2.part":11,"stat.pickup.extrautils2.pipe":58,"stat.craftItem.minecraft.cobblestone":148,"stat.drop.chisel.chisel_diamond":1,"stat.pickup.minecraft.tripwire_hook":1,"stat.pickup.minecraft.bookshelf":16,"stat.mineBlock.minecraft.cobblestone":562,"stat.mineBlock.minecraft.pumpkin":1,"stat.pickup.yabba.upgrade_gold_tier":6,"stat.pickup.minecraft.flint":2134,"stat.pickup.immersiveengineering.metal_decoration1":34,"stat.pickup.immersiveengineering.metal_decoration2":4,"stat.mineBlock.minecraft.dropper":5,"stat.mineBlock.blockcraftery.editable_slant":3,"stat.useItem.minecraft.stone_slab2":2112,"stat.pickup.forge.bucketfilled":1,"stat.pickup.minecraft.iron_boots":1,"stat.pickup.minecraft.stone_hoe":1,"stat.craftItem.minecraft.furnace":33,"stat.drop.industrialforegoing.plastic":5,"stat.pickup.hatchery.manure_block":1,"stat.pickup.minecraft.diamond_leggings":4,"stat.useItem.exnihilocreatio.hammer_stone":5190,"stat.useItem.minecraft.wooden_slab":5,"stat.killEntity.Creeper":1,"stat.pickup.botania.manabottle":1,"stat.drop.minecraft.obsidian":3,"stat.craftItem.tconstruct.stone_stick":212,"stat.useItem.minecraft.dropper":10,"stat.sprintOneCm":4453493,"stat.mineBlock.minecraft.stone_slab":17,"stat.pickup.cyclicmagic.ender_pearl_mounted":1,"stat.mineBlock.extrautils2.decorativeglass":114,"stat.craftItem.immersiveengineering.sheetmetal_slab":690,"stat.useItem.minecraft.snowball":33,"stat.craftItem.fluidcows.cow_displayer":4,"stat.craftItem.minecraft.redstone_lamp":156,"stat.useItem.chisel.glowstone":324,"stat.craftItem.excompressum.wooden_crucible":1,"stat.useItem.harvestcraft.maple_sapling":1,"stat.mineBlock.extrautils2.compressedsand":192,"stat.killEntity.Zombie":29,"stat.craftItem.minecraft.dye":69,"stat.craftItem.minecraft.diamond_axe":4,"stat.pickup.minecraft.wheat":4526,"stat.pickup.minecraft.sign":1,"stat.pickup.chisel.planks-acacia":456,"stat.mineBlock.tconstruct.slime_leaves":51,"stat.pickup.minecraft.obsidian":398,"stat.useItem.harvestcraft.dragonfruititem":3,"stat.pickup.blockcraftery.editable_slant":3,"stat.pickup.cyclicmagic.crafting_food":1,"stat.pickup.tp.birthday_pickaxe":1,"stat.pickup.minecraft.coal":1253,"stat.pickup.minecraft.iron_ingot":2340,"stat.craftItem.minecraft.lever":3,"stat.drop.minecraft.diamond_sword":1,"stat.pickup.minecraft.gunpowder":816,"stat.pickup.minecraft.dirt":4217,"stat.useItem.blockcraftery.editable_stairs":301,"stat.pickup.minecraft.cookie":24,"stat.pickup.minecraft.iron_axe":9,"stat.drop.tp.flint_block":1,"stat.mineBlock.minecraft.torch":79,"stat.mineBlock.minecraft.red_flower":18,"stat.pickup.minecraft.written_book":1,"stat.pickup.minecraft.magma_cream":348,"stat.craftItem.minecraft.glowstone":621,"stat.pickup.harvestcraft.cinnamon_sapling":3,"stat.mineBlock.minecraft.fence_gate":1,"stat.craftItem.malisisdoors.big_door_acacia_3x3":1,"stat.pickup.minecraft.diamond_axe":9,"stat.craftItem.extrautils2.compressedsand":184,"stat.useItem.hatchery.chickenmanure":7716,"stat.craftItem.yabba.upgrade_iron_tier":72,"stat.drop.minecraft.wheat":1,"stat.pickup.minecraft.diamond_pickaxe":3,"stat.craftItem.thermalfoundation.tool.hammer_invar":24,"stat.pickup.appliedenergistics2.quartz_glass":3,"stat.useItem.minecraft.lava_bucket":1,"stat.craftItem.minecraft.wheat":18,"stat.useItem.minecraft.redstone_ore":23,"stat.pickup.minecraft.cooked_beef":1,"stat.useItem.chancecubes.compact_giant_chance_cube":1,"stat.pickup.cyclicmagic.glove_climb":3,"stat.pickup.extrautils2.drum":2,"stat.pickup.tp.emerald_spear":1,"stat.pickup.thaumcraft.crystal_perditio":20,"stat.mineBlock.extrautils2.minichest":3,"stat.useItem.blockcraftery.editable_trap_door":55,"stat.mobKills":1672,"stat.pickup.excompressum.wooden_crucible":1,"stat.pickup.mysticalagriculture.inferium_furnace":1,"stat.pickup.minecraft.diamond":482,"stat.pickup.minecraft.beetroot_seeds":12,"stat.pickup.ftbquests.lootcrate":108,"stat.pickup.thaumcraft.brain":3,"stat.pickup.roost.roost":101,"stat.drop.tconstruct.toolforge":1,"stat.pickup.mysticalagriculture.inferium_hoe":1,"stat.useItem.extrautils2.compresseddirt":212,"stat.pickup.cyclicmagic.energy_pipe":1,"stat.mineBlock.chisel.glowstone":123,"stat.pickup.minecraft.glowstone_dust":1259,"stat.pickup.harvestcraft.maple_sapling":1,"stat.drop.tconstruct.slime_boots":1,"stat.pickup.darkutils.timer":1,"stat.pickup.openblocks.sky":12,"stat.useItem.blockcraftery.editable_slab":49,"stat.drop.hatchery.chickenmanure":2,"stat.pickup.exnihilocreatio.item_pebble":947,"stat.craftItem.minecraft.cobblestone_wall":36,"stat.mineBlock.minecraft.sand":119,"stat.pickup.storagedrawers.tape":1,"stat.useItem.minecraft.fence_gate":1,"stat.hopperInspected":35,"stat.useItem.yabba.item_barrel":22,"stat.pickup.tconstruct.slime_sapling":11,"stat.pickup.minecraft.ghast_tear":290,"stat.craftItem.thermalfoundation.material":510,"stat.pickup.hatchery.pen":2,"stat.pickup.chickens.colored_egg":2,"stat.pickup.mysticalagriculture.nature_essence":26,"stat.pickup.extrautils2.compressedsand":4,"stat.useItem.tp.plump_peach":2,"stat.mineBlock.malisisdoors.big_door_acacia_3x3":4,"stat.drop.minecraft.fishing_rod":2,"stat.craftItem.blockcraftery.editable_slab":39,"stat.mineBlock.tp.glowstone_glass":8,"stat.craftItem.minecraft.fence_gate":3,"stat.pickup.minecraft.pumpkin_seeds":10,"stat.pickup.tconstruct.slime_dirt":3,"stat.craftItem.chisel.chisel_diamond":10,"stat.craftItem.immersiveengineering.material":64,"stat.useItem.roost.roost":194,"stat.pickup.ironchest.iron_chest":11,"stat.pickup.cyclicmagic.entity_detector":2,"stat.pickup.minecraft.blaze_rod":345,"stat.mineBlock.ceramics.clay_slab":4,"stat.pickup.minecraft.pumpkin":1,"stat.useItem.harvestcraft.coconutitem":1,"stat.pickup.minecraft.melon_seeds":11,"stat.pickup.minecraft.dropper":5,"stat.pickup.minecraft.melon":2,"stat.drop.fluidcows.cow_halter":4,"stat.dropperInspected":35,"stat.useItem.minecraft.furnace":2,"stat.pickup.minecraft.iron_leggings":1,"stat.mineBlock.minecraft.gravel":191,"stat.pickup.blockcraftery.editable_wall":1,"stat.drop.minecraft.iron_axe":7,"stat.pickup.mekanism.ingot":295,"stat.useItem.chickens.colored_egg":2,"stat.useItem.minecraft.torch":7,"stat.craftItem.minecraft.redstone_block":9,"stat.craftItem.minecraft.stone_stairs":4,"stat.useItem.minecraft.log":1,"stat.pickup.minecraft.crafting_table":5,"stat.pickup.darkutils.ender_tether":2,"stat.craftItem.minecraft.crafting_table":2,"stat.drop.hatchery.pen":1,"stat.craftItem.blockcraftery.editable_stairs":296,"stat.pickup.enderio.block_simple_alloy_smelter":1,"stat.pickup.minecraft.iron_hoe":1,"stat.pickup.excompressum.bait":22,"stat.pickup.extrautils2.grocket":3,"stat.pickup.minecraft.redstone_block":8,"stat.pickup.minecraft.compass":6,"stat.drop.minecraft.planks":2,"stat.pickup.minecraft.sapling":369,"stat.pickup.roost.chicken":1211,"stat.useItem.harvestcraft.dateitem":1,"stat.pickup.malisisdoors.big_door_acacia_3x3":4,"stat.killEntity.WitherSkeleton":1,"stat.pickup.roost.catcher":1,"stat.mineBlock.stonechest.chest_cobblestone":9,"stat.craftItem.hatchery.pen":1,"stat.pickup.cyclicmagic.magnet_block":7,"stat.useItem.chesttransporter.chesttransporter":1,"stat.drop.minecraft.bucket":2,"stat.mineBlock.extrautils2.compressedgravel":264,"stat.pickup.minecraft.stone_slab":17,"stat.pickup.minecraft.yellow_flower":49,"stat.pickup.environmentaltech.void_ore_miner_cont_1":3,"stat.useItem.minecraft.fishing_rod":11,"stat.craftItem.minecraft.diamond_chestplate":1,"stat.mineBlock.harvestcraft.cherry_sapling":1,"stat.pickup.minecraft.bone":82,"stat.craftItem.minecraft.sticky_piston":1,"stat.pickup.minecraft.redstone_torch":31,"stat.craftItem.stonechest.part_cobblestone":34,"stat.horseOneCm":91734,"stat.pickup.harvestcraft.paperbark_sapling":1,"stat.useItem.minecraft.diamond_sword":979,"stat.craftItem.minecraft.diamond_helmet":1,"stat.craftItem.tconstruct.slimesling":3,"stat.pickup.exnihilocreatio.item_ore_lead":31,"stat.climbOneCm":10504,"stat.craftItem.minecraft.gold_block":156,"stat.pickup.industrialforegoing.plastic":339,"stat.pickup.thermalexpansion.machine":5,"stat.drop.minecraft.quartz":1,"stat.pickup.randomthings.rainbowlamp":26,"stat.craftItem.minecraft.trapdoor":2,"stat.pickup.mysticalagriculture.infusion_crystal":1,"stat.pickup.minecraft.cobblestone":25997,"stat.pickup.exnihilocreatio.item_seed_cactus":6,"stat.pickup.minecraft.soul_sand":390,"stat.craftItem.extrautils2.compresseddirt":234,"stat.useItem.minecraft.cooked_beef":1,"stat.pickup.minecraft.cactus":23,"stat.drop.minecraft.clay_ball":4,"stat.pickup.minecraft.redstone":1315,"stat.pickup.exnihilocreatio.hammer_stone":3,"stat.craftItem.minecraft.acacia_door":6,"stat.pickup.actuallyadditions.item_rice_seed":16,"stat.pickup.minecraft.cake":2,"stat.drop.minecraft.dirt":5,"stat.pickup.mekanism.salt":323,"stat.pickup.minecraft.iron_shovel":1,"stat.pickup.minecraft.diamond_shovel":3,"stat.craftItem.exnihilocreatio.hammer_stone":98,"stat.craftItem.tconstruct.slime_boots":2,"stat.pickup.exnihilocreatio.item_ore_aluminium":35,"stat.pickup.minecraft.nether_star":1,"stat.useItem.tconstruct.slime_dirt":68,"stat.craftItem.minecraft.stick":1680,"stat.pickup.minecraft.grass":3,"stat.useItem.excompressum.compressed_hammer_stone":798,"stat.craftItem.minecraft.clay_ball":12,"stat.pickup.minecraft.diamond_chestplate":4,"stat.mineBlock.chisel.planks-acacia":471,"stat.entityKilledBy.Creeper":1,"stat.pickup.botania.flower":1,"stat.mineBlock.minecraft.planks":47,"stat.useItem.extrautils2.compressedsand":181,"stat.drop":116,"stat.mineBlock.blockcraftery.editable_slab":22,"stat.useItem.minecraft.melon_seeds":1,"stat.useItem.stoneblockutilities.stoneworkbench":1,"stat.pickup.blockcraftery.editable_block":39,"stat.craftItem.minecraft.piston":1,"stat.pickup.harvestcraft.coconutitem":1,"stat.pickup.blockcraftery.editable_door":1,"stat.pickup.openblocks.dev_null":1,"stat.useItem.minecraft.apple":22,"stat.pickup.harvestcraft.dragonfruititem":3,"stat.pickup.exnihilocreatio.item_seed_sugarcane":9,"stat.pickup.minecraft.fence":35,"stat.useItem.tp.birthday_pickaxe":250,"stat.craftItem.yabba.upgrade_diamond_tier":64,"stat.craftItem.stoneblockutilities.crook_stone":3,"stat.boatOneCm":5060,"stat.useItem.minecraft.redstone_lamp":92,"stat.craftItem.exnihilocreatio.item_ore_iron":9,"stat.pickup.actuallyadditions.item_coffee_seed":15,"stat.mineBlock.minecraft.leaves2":92,"stat.craftItem.minecraft.iron_bars":512,"stat.mineBlock.minecraft.furnace":3,"stat.pickup.minecraft.prismarine_shard":15,"stat.useItem.blockcraftery.editable_slant":8,"stat.drop.minecraft.water_bucket":2,"stat.useItem.chancecubes.chance_icosahedron":1,"stat.craftItem.harvestcraft.fishtrapbaititem":8,"stat.pickup.exnihilocreatio.item_ore_silver":308,"stat.damageDealt":35451,"stat.useItem.exnihilocreatio.item_seed_sugarcane":3,"stat.pickup.actuallyadditions.item_canola_seed":21,"stat.useItem.harvestcraft.chestnutitem":1,"stat.mineBlock.harvestcraft.cinnamon_sapling":2,"stat.craftItem.exnihilocreatio.item_material":8,"stat.pickup.minecraft.stick":718,"stat.craftItem.blockcraftery.editable_block":644,"stat.pickup.bigreactors.ingotmetals":267,"stat.craftItem.minecraft.diamond_boots":1,"stat.useItem.minecraft.redstone_block":3,"stat.craftItem.minecraft.redstone":81,"stat.useItem.minecraft.cactus":3,"stat.useItem.torchmaster.mega_torch":14,"stat.killEntity.Chicken":3,"stat.craftItem.minecraft.fence":42,"stat.mineBlock.minecraft.leaves":316,"stat.pickup.enderio.block_simple_sag_mill":2,"stat.mineBlock.tconstruct.seared":1,"stat.pickup.ceramics.clay_slab":4,"stat.drop.excompressum.compressed_hammer_stone":2,"stat.pickup.minecraft.wooden_slab":14,"stat.craftItem.minecraft.diamond_hoe":1,"stat.leaveGame":42,"stat.mineBlock.blockcraftery.editable_stairs":41,"stat.pickup.tconstruct.edible":848,"stat.craftItem.minecraft.shield":2,"stat.pickup.immersiveengineering.conveyor":1,"stat.drop.exnihilocreatio.hammer_stone":4,"stat.mineBlock.fluidcows.stall":22,"stat.mineBlock.gravestone.gravestone":5,"stat.pickup.exnihilocreatio.block_dust":1760,"stat.useItem.tconstruct.throwball":448,"stat.mineBlock.minecraft.wooden_slab":5,"stat.pickup.integrateddynamics.menril_sapling":17,"stat.pickup.exnihilocreatio.item_ore_copper":56,"stat.pickup.cyclicmagic.cyclic_wand_build":1,"stat.useItem.exnihilocreatio.item_material":8,"stat.mineBlock.ceramics.dark_bricks_stairs":12,"stat.useItem.fluidcows.stall":66,"stat.pickup.harvestcraft.spiderweb_sapling":1,"stat.mineBlock.minecraft.hopper":9,"stat.pickup.thermalfoundation.material":2796,"stat.useItem.ceramics.clay_hard":16,"stat.useItem.immersiveengineering.sheetmetal_slab":424,"stat.mineBlock.chancecubes.chance_cube":69,"stat.pickup.harvestcraft.cherryitem":13,"stat.useItem.minecraft.pumpkin_seeds":6,"stat.mineBlock.botania.flower":1,"stat.killEntity.ZombieVillager":2,"stat.craftItem.roost.breeder":8,"stat.craftItem.cyclicmagic.tool_torch_launcher":14,"stat.pickup.extrautils2.klein":1,"stat.pickup.minecraft.prismarine":8,"stat.pickup.minecraft.beef":58,"stat.pickup.chisel.stonebrick":16,"stat.pickup.minecraft.leather_helmet":2,"stat.useItem.minecraft.trapdoor":1,"stat.mineBlock.harvestcraft.pamcinnamon":2,"stat.craftItem.minecraft.dropper":10,"stat.pickup.cyclicmagic.tool_torch_launcher":25,"stat.useItem.minecraft.dye":1785,"stat.useItem.minecraft.beef":3,"stat.pickup.actuallyadditions.item_dust":386,"stat.pickup.harvestcraft.peach_sapling":1,"stat.pickup.tconstruct.stone_torch":71,"stat.pickup.immersiveengineering.sheetmetal_slab":67,"stat.mineBlock.minecraft.tallgrass":587,"stat.pickup.tconstruct.seared":3,"stat.pickup.fluxnetworks.fluxstorage":1,"stat.craftItem.roost.roost":131,"stat.pickup.immersiveengineering.material":8,"stat.useItem.minecraft.stone":19,"stat.pickup.minecraft.arrow":199,"stat.craftItem.minecraft.wheat_seeds":1362,"stat.pickup.extrautils2.compressedcobblestone":130,"stat.craftItem.yabba.upgrade_void":1,"stat.pickup.stoneblockutilities.stoneworkbench":4,"stat.mineBlock.minecraft.chest":30,"stat.craftItem.minecraft.hopper":15,"stat.craftItem.ceramics.clay_slab":6,"stat.craftItem.draconicevolution.draconic_core":64,"stat.pickup.exnihilocreatio.item_ore_gold":221,"stat.pickup.harvestcraft.dateitem":1,"stat.craftItem.minecraft.diamond_shovel":2,"stat.pickup.minecraft.wheat_seeds":4600,"stat.mineBlock.minecraft.glass":6,"stat.pickup.cyclicmagic.water_candle":4,"stat.pickup.darkutils.material":2,"stat.pickup.harvestcraft.cinnamonitem":4,"stat.mineBlock.yabba.item_barrel":42,"stat.mineBlock.minecraft.dirt":826,"stat.craftItem.yabba.upgrade_star_tier":61,"stat.pickup.minecraft.poisonous_potato":1,"stat.useItem.stoneblockutilities.crook_stone":371,"stat.pickup.immersiveengineering.seed":23,"stat.useItem.minecraft.cobblestone":724,"stat.useItem.minecraft.gravel":179,"stat.pickup.hatchery.nest":4,"stat.useItem.fluidcows.cow_halter":166,"stat.pickup.botania.blacklotus":8,"stat.craftItem.exnihilocreatio.block_sieve":2,"stat.pickup.minecraft.iron_pickaxe":7,"stat.useItem.tp.glowstone_glass":8,"stat.pickup.minecraft.hopper":10,"stat.pickup.minecraft.apple":324,"stat.pickup.extrautils2.compresseddirt":1,"stat.useItem.randomthings.rainbowlamp":84,"stat.mineBlock.harvestcraft.spiderweb_sapling":1,"stat.craftItem.stoneblockutilities.stoneworkbench":6,"stat.useItem.excompressum.compressed_block":1,"stat.pickup.draconicevolution.nugget":11,"stat.mineBlock.minecraft.log":60,"stat.craftItem.minecraft.paper":36,"stat.pickup.chancecubes.silk_touch_pendant":1,"stat.pickup.minecraft.red_flower":19,"stat.pickup.exnihilocreatio.block_sieve":3,"stat.pickup.minecraft.wool":13,"stat.pickup.immersiveengineering.connector":4,"stat.craftItem.chesttransporter.chesttransporter_diamond":7,"stat.cakeSlicesEaten":15,"stat.craftItem.minecraft.diamond_leggings":1,"stat.useItem.minecraft.iron_axe":1314,"stat.mineBlock.minecraft.yellow_flower":50,"stat.craftItem.ceramics.dark_bricks_stairs":12,"stat.drop.roost.catcher":1,"stat.pickup.minecraft.glowstone":64,"stat.craftItem.minecraft.saddle":2,"stat.craftItem.minecraft.arrow":136,"stat.useItem.minecraft.obsidian":383,"stat.pickup.minecraft.sticky_piston":5,"stat.mineBlock.ironchest.iron_chest":11,"stat.pickup.minecraft.bow":5,"stat.mineBlock.minecraft.obsidian":78,"stat.craftItem.minecraft.bow":2,"stat.flyOneCm":2618742,"stat.pickup.actuallyadditions.item_booklet":1,"stat.pickup.minecraft.fish":4,"stat.mineBlock.immersiveengineering.metal_decoration2":4,"stat.useItem.extrautils2.compressedgravel":257,"stat.mineBlock.immersiveengineering.metal_decoration1":32,"stat.craftItem.yabba.upgrade_blank":272,"stat.craftItem.minecraft.stained_glass":320,"stat.timeSinceDeath":248584,"stat.pickup.yabba.item_barrel":41,"stat.pickup.fluidcows.cow_halter":6,"stat.mineBlock.chisel.glowstone2":1,"stat.mineBlock.chisel.glowstone1":66,"stat.pickup.hatchery.chickenmanure":11828,"stat.mineBlock.excompressum.bait":22,"stat.craftItem.tconstruct.slime_dirt":74,"stat.pickup.minecraft.nether_wart":401,"stat.pickup.minecraft.shield":4,"stat.craftItem.minecraft.stone_hoe":2,"stat.pickup.extrautils2.ingredients":26,"stat.pickup.botania.manaresource":10,"stat.pickup.minecraft.string":1340,"stat.mineBlock.minecraft.ladder":7,"stat.drop.minecraft.redstone_lamp":1,"stat.pickup.excompressum.compressed_hammer_stone":1,"stat.useItem.minecraft.written_book":1,"stat.craftItem.excompressum.heavy_sieve":1,"stat.useItem.minecraft.diamond_shovel":17,"stat.pickup.thaumcraft.crystal_aqua":16,"stat.useItem.blockcraftery.editable_block":8,"stat.useItem.minecraft.ladder":8,"stat.pickup.minecraft.snowball":873,"stat.killEntity.Guardian":2,"stat.craftItem.exnihilocreatio.item_cooked_silkworm":62,"stat.diveOneCm":4336,"stat.pickup.extrautils2.machine":1,"stat.craftItem.minecraft.ladder":9,"stat.useItem.minecraft.chicken":10,"stat.pickup.ceramics.dark_bricks_stairs":24,"stat.craftItem.exnihilocreatio.block_crucible":2,"stat.craftItem.minecraft.diamond_sword":1,"stat.jump":10296,"stat.useItem.minecraft.sand":118,"stat.useItem.exnihilocreatio.item_seed_carrot":2,"stat.mineBlock.roost.roost":99,"stat.craftItem.minecraft.torch":832,"stat.mineBlock.chancecubes.giant_chance_cube":2,"stat.pickup.harvestcraft.chestnutitem":1,"stat.mineBlock.excompressum.wooden_crucible":1,"stat.useItem.minecraft.sapling":90,"stat.pickup.actuallyadditions.item_flax_seed":12,"stat.damageTaken":3586,"stat.mineBlock.torchmaster.mega_torch":7,"stat.drop.tconstruct.slimesling":4,"stat.pickup.minecraft.log2":592,"stat.craftItem.hatchery.animalnet":1,"stat.pickup.tconstruct.ingots":932,"stat.drop.tconstruct.stone_torch":2,"stat.pickup.exnihilocreatio.item_seed_potato":7,"stat.pickup.minecraft.potato":18,"stat.useItem.forge.bucketfilled":3,"stat.entityKilledBy.Zombie":1,"stat.killEntity.Silverfish":10,"stat.useItem.chisel.glowstone1":64,"stat.craftItem.minecraft.stone_slab":174,"stat.pickup.hatchery.hatcheryegg":53,"stat.animalsBred":62,"stat.useItem.minecraft.chest":14,"stat.pickup.thaumcraft.crystal_aer":20,"stat.pickup.blockcraftery.editable_trap_door":43,"stat.mineBlock.immersiveengineering.sheetmetal":2,"stat.drop.roost.roost":2,"stat.craftItem.randomthings.rainbowlamp":64,"stat.pickup.minecraft.ender_pearl":335,"stat.pickup.minecraft.ladder":7,"stat.useItem.cyclicmagic.magnet_block":9,"stat.useItem.minecraft.cobblestone_wall":30,"stat.pickup.minecraft.torch":396,"stat.drop.minecraft.arrow":1,"stat.mineBlock.exnihilocreatio.block_sieve":3,"stat.pickup.ftbquests.book":2,"stat.craftItem.minecraft.iron_axe":8,"stat.pickup.thaumcraft.crystal_ordo":18,"stat.pickup.chisel.glowstone":24,"stat.mineBlock.enderio.block_simple_sag_mill":1,"stat.pickup.harvestcraft.rambutan_sapling":1,"stat.mineBlock.extrautils2.compressedcobblestone":210,"stat.pickup.minecraft.fishing_rod":1,"stat.useItem.minecraft.planks":47,"stat.drop.chickens.spawn_egg":1,"stat.mineBlock.ceramics.clay_hard":16,"stat.pickup.enderstorage.ender_storage":12,"stat.drop.chisel.planks-acacia":1,"stat.pickup.minecraft.blaze_powder":250,"stat.pickup.minecraft.glass":1176,"stat.pickup.tconstruct.slimesling":8,"stat.craftItem.hatchery.nest":4,"stat.useItem.minecraft.water_bucket":27,"stat.pickup.minecraft.sand":3704,"stat.pickup.minecraft.hardened_clay":27,"stat.entityKilledBy.Spider":1,"stat.useItem.stonechest.chest_cobblestone":4,"stat.useItem.tp.plump_pear":2,"stat.pickup.minecraft.name_tag":1,"stat.mineBlock.exnihilocreatio.block_infested_leaves":65,"stat.drop.roost.chicken":1,"stat.pickup.projectred-core.resource_item":94,"stat.craftItem.yabba.item_barrel":15,"stat.pickup.appliedenergistics2.crystal_seed":19,"stat.pickup.actuallyadditions.item_solidified_experience":248,"stat.mineBlock.cyclicmagic.magnet_block":3,"stat.pickup.minecraft.fence_gate":1,"stat.pickup.minecraft.furnace":3,"stat.useItem.minecraft.redstone":369,"stat.mineBlock.minecraft.redstone_lamp":47,"stat.pickup.exnihilocreatio.item_ore_iron":49,"stat.pickup.minecraft.iron_chestplate":1,"stat.pickup.exnihilocreatio.item_ore_osmium":67,"stat.useItem.minecraft.stone_stairs":3,"stat.pickup.minecraft.skull":8,"stat.craftItem.chickens.colored_egg":9,"stat.pickup.chancecubes.chance_cube":11,"stat.mineBlock.extrautils2.cursedearth":340,"stat.pickup.exnihilocreatio.item_seed_carrot":4,"stat.pickup.blockcraftery.editable_stairs":39,"stat.craftItem.ironchest.iron_chest":151,"stat.pickup.harvestcraft.nutmegitem":10,"stat.pickup.exnihilocreatio.item_ore_nickel":242,"stat.useItem.minecraft.hopper":17,"stat.useItem.hatchery.animalnet":13,"stat.playOneMinute":3717579,"stat.pickup.tp.bams_pizza":6,"stat.useItem.integrateddynamics.menril_sapling":3,"stat.pickup.minecraft.dispenser":20,"stat.pickup.blockcraftery.editable_slab":9,"stat.pickup.roost.breeder":32,"stat.pickup.thaumcraft.crystal_vitium":18,"stat.drop.cyclicmagic.tool_torch_launcher":5,"stat.mineBlock.minecraft.dispenser":20,"stat.useItem.ceramics.dark_bricks_stairs":12,"stat.drop.torchmaster.mega_torch":12,"stat.craftItem.cyclicmagic.magnet_block":18,"stat.craftItem.minecraft.iron_nugget":117,"stat.pickup.minecraft.cooked_chicken":384,"stat.fallOneCm":37333,"stat.drop.minecraft.dye":3,"stat.craftItem.minecraft.chest":96,"stat.mineBlock.minecraft.lever":6,"stat.pickup.minecraft.feather":109,"stat.useItem.harvestcraft.epicbaconitem":1,"stat.craftItem.thermalfoundation.tool.excavator_diamond":1,"stat.craftItem.chickens.spawn_egg":7,"stat.pickup.fluidcows.stall":22,"stat.pickup.chisel.chisel_hitech":1,"stat.pickup.minecraft.record_13":2,"stat.mineBlock.minecraft.monster_egg":4,"stat.useItem.ironchest.iron_chest":27,"stat.useItem.exnihilocreatio.item_seed_cactus":5,"stat.craftItem.extrautils2.compressedgravel":239,"stat.drop.ironchest.iron_chest":1,"stat.killEntity.LavaSlime":49,"stat.pickup.minecraft.log":2722,"stat.pickup.minecraft.wooden_door":2,"stat.useItem.thermalfoundation.tool.excavator_diamond":58,"stat.useItem.hatchery.nest":1,"stat.pickup.minecraft.diamond_helmet":4,"stat.craftItem.minecraft.cooked_chicken":192,"stat.useItem.minecraft.stone_hoe":23,"stat.pickup.tconstruct.slime_boots":6,"stat.sneakTime":52668,"stat.pickup.thaumcraft.amber":323,"stat.mineBlock.minecraft.cobblestone_wall":32,"stat.mineBlock.hatchery.nest":4,"stat.useItem.excompressum.compressed_hammer_iron":113,"stat.pickup.minecraft.chest":30,"stat.useItem.minecraft.repeater":15,"stat.craftItem.extrautils2.compressedcobblestone":1212,"stat.swimOneCm":50896,"stat.pickup.exnihilocreatio.block_auto_sifter":6,"stat.craftItem.blockcraftery.editable_wall":66,"stat.useItem.chisel.planks-acacia":2324,"stat.craftItem.fluidcows.stall":64,"stat.useItem.minecraft.dirt":5046,"stat.pickup.minecraft.enchanting_table":1,"stat.craftItem.tp.glowstone_glass":24,"stat.mineBlock.minecraft.redstone_block":8,"stat.useItem.hatchery.hatcheryegg":4,"stat.craftItem.fluidcows.cow_halter":4,"stat.pickup.appliedenergistics2.material":1026,"stat.drop.minecraft.wheat_seeds":5,"stat.craftItem.yabba.upgrade_gold_tier":73,"stat.craftItem.minecraft.wooden_slab":264,"stat.pickup.extrautils2.compressedgravel":3,"stat.mineBlock.blockcraftery.editable_block":11,"stat.pickup.thaumcraft.crystal_ignis":30,"stat.pickup.harvestcraft.soursopitem":14,"stat.pickup.tconstruct.kama":1,"stat.craftItem.torchmaster.mega_torch":78,"stat.mineBlock.hatchery.manure_block":1,"stat.mineBlock.blockcraftery.editable_trap_door":43,"stat.pickup.chisel.chisel_diamond":2,"stat.pickup.minecraft.redstone_lamp":31,"stat.craftItem.minecraft.stone_slab2":0,"stat.pickup.actuallyadditions.item_misc":337,"stat.useItem.cyclicmagic.crafting_food":1,"stat.useItem.minecraft.stone_slab":24,"stat.pickup.exnihilocreatio.item_material":22,"stat.craftItem.minecraft.stone":108,"stat.mineBlock.minecraft.crafting_table":4,"stat.mineBlock.harvestcraft.pamdragonfruit":1,"stat.useItem.minecraft.diamond_pickaxe":733,"stat.killEntity.Endermite":2,"stat.drop.exnihilocreatio.block_dust":1,"stat.useItem.minecraft.wheat":2,"stat.drop.exnihilocreatio.item_cooked_silkworm":2,"stat.useItem.thermalfoundation.tool.hammer_invar":481,"stat.pickup.minecraft.slime_ball":382,"stat.craftItem.minecraft.diamond_pickaxe":1,"stat.useItem.blockcraftery.editable_wall":41,"stat.pickup.tconstruct.toolforge":1,"stat.useItem.tp.bams_pizza":9,"stat.pickup.minecraft.gravel":2113,"stat.useItem.extrautils2.compressedcobblestone":205,"stat.useItem.minecraft.diamond_axe":656,"stat.mineBlock.tconstruct.slime_dirt":3,"stat.pickup.exnihilocreatio.item_ore_tin":42,"stat.useItem.immersiveengineering.metal_decoration1":57,"stat.pickup.minecraft.diamond_sword":4,"stat.pickup.minecraft.iron_helmet":1,"stat.pickup.minecraft.spider_eye":19,"stat.pickup.minecraft.experience_bottle":1,"stat.useItem.minecraft.cooked_chicken":295,"stat.pickup.tconstruct.slime_congealed":5,"stat.craftItem.immersiveengineering.metal_decoration1":96,"stat.pickup.minecraft.leaves":206,"stat.pickup.minecraft.leather":314,"stat.pickup.chesttransporter.chesttransporter_diamond":1,"stat.mineBlock.immersiveengineering.conveyor":1,"stat.pickup.mysticalagriculture.crafting":560,"stat.pickup.minecraft.reeds":39,"stat.pickup.minecraft.prismarine_crystals":298,"stat.mineBlock.tconstruct.stone_torch":33,"stat.pickup.tconstruct.materials":117,"stat.pickup.botania.dye":8,"stat.killEntity.Cow":2,"stat.craftItem.minecraft.iron_sword":3,"stat.walkOneCm":8601660,"stat.craftItem.excompressum.compressed_block":211,"stat.mineBlock.stoneblockutilities.stoneworkbench":4,"stat.pickup.minecraft.clay_ball":377,"stat.craftItem.tconstruct.throwball":1024,"stat.useItem.immersiveengineering.sheetmetal":12,"stat.pickup.extrautils2.minichest":6,"stat.drop.minecraft.diamond_axe":2,"stat.mineBlock.hatchery.pen":1,"stat.pickup.randomthings.summoningpendulum":2,"stat.mineBlock.integrateddynamics.menril_sapling":3,"stat.pickup.minecraft.stone":1058,"stat.craftItem.minecraft.hay_block":447,"stat.pickup.actuallyadditions.item_spawner_changer":2,"stat.pickup.minecraft.gold_ingot":619,"stat.killEntity.Skeleton":8,"stat.mineBlock.minecraft.cactus":12,"stat.mineBlock.minecraft.redstone_torch":31,"stat.killEntity.Spider":5,"stat.pickup.yabba.upgrade_iron_tier":64,"stat.pickup.minecraft.quartz":2135,"stat.pickup.minecraft.water_bucket":2,"stat.pickup.minecraft.lava_bucket":1,"stat.craftItem.minecraft.coal_block":28,"stat.mineBlock.harvestcraft.pampapaya":1,"stat.craftItem.exnihilocreatio.item_mesh":7,"stat.mineBlock.minecraft.stone":8674}