{"stat.craftItem.immersiveengineering.stone_decoration":261,"stat.drop.excompressum.compressed_hammer_stone":3,"stat.leaveGame":15,"stat.pickup.mekanism.machineblock2":4,"stat.craftItem.excompressum.compressed_hammer_stone":1,"stat.craftItem.minecraft.ender_eye":9,"stat.craftItem.minecraft.string":128,"stat.craftItem.thermalfoundation.armor.helmet_steel":1,"stat.craftItem.minecraft.shield":1,"stat.pickup.immersiveengineering.conveyor":90,"stat.mineBlock.gravestone.gravestone":1,"stat.drop.minecraft.iron_sword":3,"stat.pickup.exnihilocreatio.block_dust":226,"stat.pickup.minecraft.rotten_flesh":1,"stat.pickup.mysticalagriculture.dirt_seeds":1,"stat.mineBlock.immersiveengineering.treated_wood":228,"stat.pickup.minecraft.brick_block":25,"stat.pickup.immersiveengineering.shield":2,"stat.useItem.tconstruct.throwball":27,"stat.pickup.minecraft.bucket":54,"stat.craftItem.minecraft.iron_shovel":1,"stat.pickup.harvestcraft.mortarandpestleitem":1,"stat.mineBlock.exnihilocreatio.block_waterwheel":1,"stat.craftItem.excompressum.compressed_hammer_diamond":1,"stat.pickup.exnihilocreatio.item_ore_copper":26,"stat.craftItem.extrautils2.machine":1,"stat.useItem.minecraft.iron_pickaxe":251,"stat.useItem.minecraft.iron_shovel":34,"stat.mineBlock.minecraft.brick_block":25,"stat.pickup.excompressum.heavy_sieve":1,"stat.craftItem.minecraft.glass_pane":64,"stat.useItem.minecraft.hardened_clay":13,"stat.pickup.thermalfoundation.material":191,"stat.useItem.ceramics.clay_hard":29,"stat.useItem.immersiveengineering.sheetmetal_slab":60,"stat.furnaceInteraction":107,"stat.drop.minecraft.gravel":1,"stat.craftItem.immersiveengineering.blueprint":1,"stat.pickup.extrautils2.enderlilly":1,"stat.pickup.appliedenergistics2.quartz_growth_accelerator":2,"stat.craftItem.excompressum.compressed_crook":1,"stat.pickup.chickens.liquid_egg":16,"stat.mineBlock.immersiveengineering.wooden_device0":3,"stat.mineBlock.ae2stuff.grower":1,"stat.mineBlock.immersiveengineering.wooden_device1":26,"stat.useItem.immersiveengineering.wooden_decoration":8,"stat.craftItem.chiselsandbits.tape_measure":1,"stat.drop.appliedenergistics2.crystal_seed":24,"stat.useItem.tconstruct.stone_torch":85,"stat.pickup.harvestcraft.toastitem":2,"stat.mineBlock.storagedrawers.customdrawers":1,"stat.pickup.cyclicmagic.energy_pump":3,"stat.pickup.immersiveengineering.sheetmetal":162,"stat.pickup.minecraft.emerald":4,"stat.useItem.minecraft.dye":12,"stat.pickup.cyclicmagic.charm_air":1,"stat.mineBlock.enderstorage.ender_storage":3,"stat.pickup.minecraft.lever":7,"stat.deaths":1,"stat.pickup.minecraft.egg":1,"stat.pickup.thaumcraft.crystal_terra":3,"stat.pickup.tconstruct.stone_torch":135,"stat.craftItem.minecraft.iron_pickaxe":1,"stat.pickup.immersiveengineering.sheetmetal_slab":17,"stat.pickup.minecraft.item_frame":1,"stat.mineBlock.minecraft.tallgrass":42,"stat.pickup.tconstruct.seared":1,"stat.chestOpened":699,"stat.mineBlock.mekanism.machineblock2":3,"stat.pickup.immersiveengineering.material":426,"stat.craftItem.appliedenergistics2.part":30,"stat.pickup.extrautils2.compressedcobblestone":1,"stat.pickup.stoneblockutilities.stoneworkbench":3,"stat.useItem.minecraft.clay":33,"stat.craftItem.minecraft.coal":42,"stat.mineBlock.fluxnetworks.herculeanfluxstorage":10,"stat.crouchOneCm":16848,"stat.craftItem.minecraft.iron_ingot":114,"stat.mineBlock.minecraft.hardened_clay":9,"stat.craftItem.minecraft.hopper":3,"stat.craftingTableInteraction":4,"stat.craftItem.blockcraftery.editable_trap_door":20,"stat.pickup.ceramics.clay_hard":48,"stat.craftItem.tconstruct.pattern":13,"stat.craftItem.immersiveengineering.powerpack":1,"stat.pickup.immersiveengineering.stone_decoration":276,"stat.pickup.minecraft.dye":351,"stat.pickup.minecraft.planks":64,"stat.pickup.minecraft.wheat_seeds":828,"stat.pickup.enderio.item_material":6,"stat.mineBlock.yabba.item_barrel":5,"stat.mineBlock.minecraft.dirt":114,"stat.useItem.stoneblockutilities.crook_stone":193,"stat.pickup.exnihilocreatio.item_mesh":3,"stat.craftItem.immersiveengineering.sheetmetal":408,"stat.pickup.immersiveengineering.seed":370,"stat.useItem.minecraft.bread":2,"stat.mineBlock.extrautils2.compresseddirt":34,"stat.useItem.minecraft.cobblestone":358,"stat.useItem.minecraft.gravel":61,"stat.craftItem.exnihilocreatio.block_waterwheel":1,"stat.craftItem.ceramics.clay_hard":30,"stat.mineBlock.extrautils2.crafter":1,"stat.pickup.extrautils2.crafter":1,"stat.craftItem.minecraft.gold_ingot":36,"stat.pickup.minecraft.chicken":2,"stat.craftItem.immersiveengineering.metal_decoration1_slab":108,"stat.pickup.minecraft.apple":8,"stat.craftItem.immersiveengineering.tool":13,"stat.craftItem.appliedenergistics2.fluix_block":7,"stat.craftItem.minecraft.bucket":18,"stat.craftItem.minecraft.planks":1564,"stat.pickup.psi.cad_assembler":1,"stat.craftItem.stoneblockutilities.stoneworkbench":1,"stat.craftItem.tconstruct.stone_torch":68,"stat.useItem.minecraft.stonebrick":7,"stat.mineBlock.minecraft.log":102,"stat.useItem.chickens.liquid_egg":27,"stat.mineBlock.extrautils2.enderlilly":1,"stat.craftItem.minecraft.paper":3,"stat.pickup.minecraft.red_flower":3,"stat.pickup.exnihilocreatio.block_sieve":1,"stat.useItem.chiselsandbits.tape_measure":4,"stat.pickup.immersiveengineering.connector":36,"stat.craftItem.minecraft.cobblestone":3,"stat.mineBlock.thermalfoundation.storage_resource":13,"stat.useItem.minecraft.iron_axe":209,"stat.mineBlock.minecraft.cobblestone":261,"stat.useItem.tconstruct.mattock":1,"stat.pickup.minecraft.flint":7,"stat.mineBlock.minecraft.yellow_flower":2,"stat.craftItem.thermalfoundation.storage_alloy":1,"stat.drop.thermalfoundation.material":10,"stat.useItem.cyclicmagic.cyclic_wand_build":2,"stat.pickup.immersiveengineering.metal_decoration1":225,"stat.pickup.immersiveengineering.metal_decoration2":136,"stat.craftItem.immersiveengineering.conveyor":247,"stat.drop.minecraft.cobblestone":9,"stat.pickup.tp.plump_peach":2,"stat.useItem.minecraft.stone_slab2":387,"stat.mineBlock.cyclicmagic.energy_pump":3,"stat.pickup.forge.bucketfilled":5,"stat.mineBlock.fluxnetworks.fluxplug":3,"stat.craftItem.minecraft.furnace":3,"stat.craftItem.exnihilocreatio.hammer_diamond":9,"stat.pickup.mysticalagradditions.special":1,"stat.mineBlock.minecraft.clay":34,"stat.useItem.exnihilocreatio.hammer_stone":436,"stat.useItem.minecraft.brick_block":51,"stat.flyOneCm":1051885,"stat.pickup.minecraft.sandstone":6,"stat.mineBlock.immersiveengineering.metal_decoration2":93,"stat.mineBlock.immersiveengineering.metal_decoration1":228,"stat.useItem.extrautils2.compressedgravel":32,"stat.pickup.mysticalagriculture.dirt_essence":63,"stat.pickup.thermalfoundation.armor.helmet_steel":1,"stat.timeSinceDeath":901635,"stat.pickup.yabba.item_barrel":6,"stat.mineBlock.fluxnetworks.fluxpoint":3,"stat.craftItem.immersiveengineering.treated_wood":1021,"stat.killEntity.Bat":1,"stat.pickup.hatchery.chickenmanure":141,"stat.craftItem.minecraft.stonebrick":64,"stat.craftItem.fluxnetworks.fluxcore":12,"stat.killEntity.Creeper":4,"stat.pickup.extrautils2.ingredients":8,"stat.pickup.minecraft.string":6,"stat.useItem.storagedrawers.customdrawers":6,"stat.pickup.excompressum.compressed_hammer_stone":4,"stat.craftItem.tconstruct.stone_stick":44,"stat.useItem.immersiveengineering.jerrycan":10,"stat.craftItem.immersiveengineering.railgun":1,"stat.craftItem.tconstruct.tooltables":1,"stat.sprintOneCm":1087770,"stat.pickup.stoneblockutilities.crook_stone":1,"stat.pickup.immersiveengineering.tool":7,"stat.mineBlock.extrautils2.machine":5,"stat.mineBlock.psi.cad_assembler":1,"stat.craftItem.psi.cad_assembly":1,"stat.pickup.cyclicmagic.ender_pearl_mounted":1,"stat.craftItem.immersiveengineering.jerrycan":1,"stat.useItem.enderstorage.ender_storage":2,"stat.craftItem.immersiveengineering.sheetmetal_slab":48,"stat.pickup.thermalfoundation.armor.legs_steel":1,"stat.pickup.thaumcraft.crystal_aqua":9,"stat.pickup.thermalfoundation.storage_resource":13,"stat.craftItem.immersiveengineering.wirecoil":240,"stat.mineBlock.extrautils2.compressedsand":16,"stat.killEntity.Zombie":11,"stat.craftItem.minecraft.dye":3,"stat.craftItem.exnihilocreatio.item_cooked_silkworm":1,"stat.diveOneCm":11197,"stat.craftItem.minecraft.sandstone":92,"stat.mineBlock.immersiveengineering.metal_device0":4,"stat.pickup.minecraft.wheat":627,"stat.mineBlock.immersiveengineering.metal_device1":53,"stat.pickup.tconstruct.tooltables":2,"stat.mineBlock.thermalfoundation.storage_alloy":2,"stat.pickup.extrautils2.machine":5,"stat.drop.minecraft.stone_stairs":5,"stat.mineBlock.immersiveengineering.stone_device":11,"stat.useItem.minecraft.chicken":1,"stat.useItem.immersiveengineering.metal_decoration1_slab":76,"stat.pickup.cyclicmagic.crafting_food":1,"stat.useItem.minecraft.rotten_flesh":1,"stat.mineBlock.immersiveengineering.connector":27,"stat.useItem.immersiveengineering.stone_decoration":175,"stat.useItem.minecraft.sand":52,"stat.jump":6937,"stat.pickup.tp.birthday_pickaxe":1,"stat.pickup.minecraft.coal":580,"stat.pickup.minecraft.iron_ingot":74,"stat.pickup.tconstruct.seared_tank":1,"stat.craftItem.minecraft.lever":3,"stat.pickup.minecraft.gunpowder":2,"stat.pickup.minecraft.dirt":425,"stat.craftItem.tp.bams_pizza":12,"stat.useItem.minecraft.sapling":23,"stat.damageTaken":2374,"stat.pickup.immersiveengineering.powerpack":3,"stat.mineBlock.minecraft.torch":43,"stat.mineBlock.minecraft.red_flower":4,"stat.mineBlock.minecraft.sapling":2,"stat.drop.tconstruct.slimesling":1,"stat.craftItem.minecraft.glowstone":16,"stat.pickup.immersiveengineering.axe_steel":1,"stat.craftItem.extrautils2.compressedsand":14,"stat.craftItem.exnihilocreatio.crook_wood":4,"stat.useItem.immersiveengineering.metal_device1":64,"stat.craftItem.chisel.chisel_hitech":1,"stat.mineBlock.exnihilocreatio.block_barrel0":2,"stat.useItem.excompressum.compressed_hammer_diamond":84,"stat.craftItem.immersiveengineering.cloth_device":24,"stat.craftItem.immersiveengineering.axe_steel":1,"stat.useItem.minecraft.chest":1,"stat.drop.minecraft.wheat":10,"stat.pickup.immersiveengineering.treated_wood_slab":23,"stat.craftItem.harvestcraft.flouritem":66,"stat.useItem.minecraft.lava_bucket":7,"stat.pickup.thaumcraft.crystal_aer":7,"stat.useItem.actuallyadditions.item_worm":1,"stat.pickup.blockcraftery.editable_trap_door":11,"stat.mineBlock.immersiveengineering.sheetmetal":139,"stat.pickup.minecraft.ender_pearl":2,"stat.craftItem.immersiveengineering.shield":1,"stat.pickup.cyclicmagic.glove_climb":3,"stat.pickup.thaumcraft.crystal_perditio":3,"stat.useItem.immersiveengineering.steel_scaffolding_stairs0":15,"stat.useItem.blockcraftery.editable_trap_door":10,"stat.mobKills":37,"stat.useItem.appliedenergistics2.drive":1,"stat.craftItem.exnihilocreatio.item_ore_gold":16,"stat.pickup.minecraft.diamond":3,"stat.pickup.minecraft.torch":68,"stat.drop.exnihilocreatio.item_mesh":1,"stat.pickup.roost.roost":2,"stat.craftItem.exnihilocreatio.item_ore_silver":15,"stat.pickup.immersiveengineering.railgun":1,"stat.craftItem.minecraft.compass":2,"stat.mineBlock.exnihilocreatio.block_sieve":1,"stat.useItem.extrautils2.compresseddirt":32,"stat.useItem.thermalfoundation.storage_resource":12,"stat.mineBlock.tconstruct.seared_tank":1,"stat.useItem.chisel.glasspane":15,"stat.craftItem.minecraft.iron_axe":1,"stat.pickup.thaumcraft.crystal_ordo":7,"stat.craftItem.thaumcraft.table_wood":2,"stat.mineBlock.extrautils2.compressedcobblestone":85,"stat.useItem.minecraft.planks":4,"stat.craftItem.exnihilocreatio.block_dust":9,"stat.craftItem.immersiveengineering.treated_wood_slab":384,"stat.pickup.minecraft.glowstone_dust":70,"stat.mineBlock.ceramics.clay_hard":48,"stat.pickup.enderstorage.ender_storage":3,"stat.pickup.minecraft.glass":52,"stat.pickup.psi.material":64,"stat.craftItem.immersiveengineering.metal_device0":5,"stat.craftItem.immersiveengineering.metal_device1":68,"stat.pickup.tconstruct.slimesling":2,"stat.craftItem.psi.cad_assembler":1,"stat.useItem.minecraft.water_bucket":24,"stat.pickup.minecraft.sand":363,"stat.pickup.minecraft.hardened_clay":9,"stat.pickup.immersiveengineering.steel_scaffolding_stairs0":2,"stat.useItem.blockcraftery.editable_slab":8,"stat.useItem.tp.plump_pear":1,"stat.pickup.fluxnetworks.herculeanfluxstorage":11,"stat.drop.hatchery.chickenmanure":7,"stat.pickup.exnihilocreatio.item_pebble":39,"stat.drop.roost.chicken":1,"stat.mineBlock.minecraft.sand":54,"stat.pickup.immersiveengineering.wirecoil":49,"stat.hopperInspected":8,"stat.useItem.yabba.item_barrel":2,"stat.pickup.projectred-core.resource_item":15,"stat.craftItem.minecraft.hardened_clay":116,"stat.pickup.exnihilocreatio.block_barrel0":2,"stat.pickup.actuallyadditions.item_worm":2,"stat.craftItem.fluxnetworks.fluxplug":1,"stat.craftItem.appliedenergistics2.quartz_growth_accelerator":6,"stat.useItem.immersiveengineering.connector":43,"stat.craftItem.yabba.item_barrel":4,"stat.pickup.appliedenergistics2.crystal_seed":72,"stat.pickup.actuallyadditions.item_solidified_experience":1,"stat.craftItem.thermalfoundation.material":1265,"stat.useItem.minecraft.redstone":1,"stat.useItem.tp.plump_peach":1,"stat.pickup.extrautils2.compressedsand":4,"stat.pickup.exnihilocreatio.item_ore_iron":89,"stat.pickup.exnihilocreatio.item_ore_osmium":13,"stat.pickup.minecraft.skull":1,"stat.craftItem.blockcraftery.editable_slab":9,"stat.pickup.fluxnetworks.fluxpoint":3,"stat.pickup.minecraft.stone_stairs":5,"stat.craftItem.minecraft.sand":279,"stat.useItem.betterbuilderswands.wanddiamond":167,"stat.craftItem.appliedenergistics2.quartz_glass":12,"stat.useItem.immersiveengineering.seed":23,"stat.mineBlock.extrautils2.cursedearth":1,"stat.pickup.minecraft.pumpkin_seeds":2,"stat.pickup.exnihilocreatio.item_ore_nickel":1,"stat.craftItem.chisel.chisel_diamond":1,"stat.craftItem.immersiveengineering.material":869,"stat.craftItem.minecraft.heavy_weighted_pressure_plate":1,"stat.pickup.immersiveengineering.wooden_decoration":8,"stat.drop.extrautils2.passivegenerator":4,"stat.playOneMinute":1293009,"stat.pickup.minecraft.blaze_rod":27,"stat.useItem.immersiveengineering.wooden_device0":2,"stat.useItem.immersiveengineering.wooden_device1":27,"stat.pickup.blockcraftery.editable_slab":8,"stat.craftItem.fluxnetworks.fluxpoint":1,"stat.craftItem.immersiveengineering.wooden_device1":16,"stat.craftItem.immersiveengineering.wooden_device0":6,"stat.pickup.thaumcraft.crystal_vitium":3,"stat.pickup.tconstruct.casting":3,"stat.craftItem.appliedenergistics2.material":27,"stat.useItem.thermalfoundation.tool.hoe_steel":25,"stat.craftItem.harvestcraft.mixingbowlitem":1,"stat.mineBlock.immersiveengineering.wooden_decoration":8,"stat.drop.minecraft.flint":6,"stat.craftItem.minecraft.flint":42,"stat.useItem.immersiveengineering.axe_steel":342,"stat.fallOneCm":93890,"stat.craftItem.minecraft.chest":18,"stat.mineBlock.minecraft.lever":6,"stat.craftItem.cookingforblockheads.spice_rack":2,"stat.drop.minecraft.bone":1,"stat.useItem.cookingforblockheads.spice_rack":2,"stat.useItem.minecraft.furnace":1,"stat.pickup.excompressum.wood_chippings":14,"stat.useItem.harvestcraft.epicbaconitem":13,"stat.craftItem.tconstruct.materials":17,"stat.pickup.draconicevolution.draconium_chest":3,"stat.mineBlock.minecraft.gravel":63,"stat.craftItem.exnihilocreatio.block_auto_sifter":1,"stat.pickup.immersiveengineering.jerrycan":1,"stat.useItem.minecraft.torch":2,"stat.mineBlock.exnihilocreatio.block_dust":5,"stat.craftItem.minecraft.redstone_block":4,"stat.pickup.tp.plump_pear":2,"stat.craftItem.extrautils2.compressedgravel":88,"stat.craftItem.minecraft.crafting_table":2,"stat.pickup.minecraft.redstone_block":1,"stat.pickup.minecraft.log":159,"stat.drop.immersiveengineering.tool":2,"stat.pickup.immersiveengineering.metal_decoration1_slab":38,"stat.craftItem.minecraft.stone_button":1,"stat.craftItem.betterbuilderswands.wanddiamond":1,"stat.craftItem.harvestcraft.bakewareitem":1,"stat.drop.minecraft.planks":1,"stat.pickup.minecraft.sapling":89,"stat.pickup.roost.chicken":1,"stat.useItem.thaumcraft.table_wood":1,"stat.drop.immersiveengineering.material":2,"stat.pickup.extrautils2.trashcan":1,"stat.pickup.immersiveengineering.metal_device0":4,"stat.pickup.immersiveengineering.metal_device1":53,"stat.pickup.tconstruct.slime_boots":1,"stat.sneakTime":11344,"stat.pickup.thaumcraft.amber":30,"stat.craftItem.immersiveengineering.faraday_suit_legs":1,"stat.drop.minecraft.bucket":1,"stat.useItem.minecraft.baked_potato":6,"stat.mineBlock.extrautils2.compressedgravel":34,"stat.drop.minecraft.yellow_flower":1,"stat.pickup.minecraft.yellow_flower":2,"stat.craftItem.minecraft.diamond_chestplate":1,"stat.pickup.minecraft.bone":1,"stat.craftItem.thermalfoundation.armor.legs_steel":1,"stat.pickup.immersiveengineering.wooden_device1":28,"stat.useItem.immersiveengineering.conveyor":92,"stat.craftItem.immersiveengineering.connector":115,"stat.pickup.immersiveengineering.wooden_device0":3,"stat.pickup.cookingforblockheads.spice_rack":2,"stat.useItem.minecraft.diamond_sword":36,"stat.pickup.exnihilocreatio.item_ore_lead":15,"stat.craftItem.minecraft.iron_trapdoor":8,"stat.craftItem.extrautils2.compressedcobblestone":385,"stat.swimOneCm":28891,"stat.climbOneCm":6746,"stat.pickup.exnihilocreatio.block_auto_sifter":1,"stat.pickup.industrialforegoing.plastic":95,"stat.craftItem.appliedenergistics2.crank":1,"stat.useItem.minecraft.dirt":128,"stat.craftItem.immersiveengineering.wooden_decoration":21,"stat.pickup.minecraft.cobblestone":7336,"stat.drop.exnihilocreatio.item_ore_iron":6,"stat.mineBlock.minecraft.redstone_block":1,"stat.craftItem.storagedrawers.customdrawers":8,"stat.pickup.appliedenergistics2.material":8,"stat.drop.minecraft.wheat_seeds":6,"stat.mineBlock.immersiveengineering.steel_scaffolding_stairs0":2,"stat.craftItem.minecraft.wooden_slab":12,"stat.craftItem.extrautils2.compresseddirt":34,"stat.pickup.minecraft.cactus":2,"stat.ae2.TurnedCranks":152,"stat.pickup.minecraft.redstone":2,"stat.useItem.immersiveengineering.cloth_device":27,"stat.craftItem.minecraft.book":1,"stat.mineBlock.blockcraftery.editable_block":1,"stat.pickup.exnihilocreatio.hammer_stone":1,"stat.drop.minecraft.log":1,"stat.pickup.thaumcraft.crystal_ignis":5,"stat.drop.immersiveengineering.axe_steel":1,"stat.pickup.immersiveengineering.cloth_device":43,"stat.mineBlock.blockcraftery.editable_trap_door":11,"stat.useItem.appliedenergistics2.quartz_growth_accelerator":1,"stat.mineBlock.extrautils2.trashcan":1,"stat.useItem.immersiveengineering.treated_wood":169,"stat.craftItem.minecraft.brick_block":261,"stat.craftItem.exnihilocreatio.hammer_stone":6,"stat.pickup.exnihilocreatio.item_ore_aluminium":18,"stat.craftItem.minecraft.stone_slab2":0,"stat.drop.exnihilocreatio.block_barrel0":2,"stat.craftItem.minecraft.stick":400,"stat.useItem.cyclicmagic.crafting_food":1,"stat.pickup.storagedrawers.customdrawers":1,"stat.pickup.exnihilocreatio.item_material":8,"stat.useItem.immersiveengineering.wirecoil":121,"stat.pickup.fluxnetworks.fluxplug":3,"stat.craftItem.minecraft.stone":68,"stat.useItem.tconstruct.casting":1,"stat.pickup.ae2stuff.grower":1,"stat.useItem.excompressum.compressed_hammer_stone":171,"stat.drop.exnihilocreatio.block_dust":1,"stat.craftItem.cookingforblockheads.toaster":1,"stat.craftItem.minecraft.clay_ball":76,"stat.pickup.minecraft.diamond_chestplate":1,"stat.pickup.exnihilocreatio.block_waterwheel":1,"stat.useItem.extrautils2.crafter":1,"stat.entityKilledBy.Creeper":1,"stat.mineBlock.cookingforblockheads.spice_rack":2,"stat.mineBlock.minecraft.planks":4,"stat.useItem.extrautils2.compressedsand":17,"stat.drop":117,"stat.useItem.harvestcraft.toastitem":2,"stat.mineBlock.blockcraftery.editable_slab":8,"stat.craftItem.immersiveengineering.steel_scaffolding_stairs0":16,"stat.pickup.blockcraftery.editable_block":1,"stat.craftItem.cookingforblockheads.cabinet":1,"stat.craftItem.exnihilocreatio.item_ore_copper":14,"stat.craftItem.minecraft.clay":144,"stat.craftItem.minecraft.piston":5,"stat.useItem.tp.bams_pizza":8,"stat.useItem.immersiveengineering.tool":25,"stat.pickup.minecraft.gravel":917,"stat.useItem.extrautils2.compressedcobblestone":82,"stat.craftItem.immersiveengineering.toolbox":1,"stat.useItem.minecraft.apple":8,"stat.useItem.exnihilocreatio.block_dust":2,"stat.pickup.exnihilocreatio.item_ore_tin":25,"stat.useItem.immersiveengineering.metal_decoration2":112,"stat.useItem.immersiveengineering.metal_decoration1":336,"stat.pickup.minecraft.diamond_sword":1,"stat.useItem.tp.birthday_pickaxe":4496,"stat.useItem.minecraft.stone_axe":130,"stat.pickup.mysticalagriculture.nether_essence":1,"stat.craftItem.minecraft.bread":64,"stat.craftItem.immersiveengineering.faraday_suit_head":1,"stat.craftItem.exnihilocreatio.block_axle_stone":2,"stat.craftItem.stoneblockutilities.crook_stone":1,"stat.useItem.minecraft.cooked_chicken":28,"stat.craftItem.immersiveengineering.metal_decoration1":1108,"stat.craftItem.immersiveengineering.metal_decoration2":94,"stat.craftItem.exnihilocreatio.item_ore_iron":49,"stat.craftItem.immersiveengineering.metal_decoration0":15,"stat.mineBlock.tconstruct.tooltables":2,"stat.craftItem.fluxnetworks.fluxblock":1,"stat.mineBlock.immersiveengineering.conveyor":77,"stat.pickup.mysticalagriculture.crafting":1,"stat.pickup.minecraft.reeds":3,"stat.pickup.exnihilocreatio.item_ore_silver":1,"stat.mineBlock.tconstruct.stone_torch":57,"stat.craftItem.immersiveengineering.faraday_suit_feet":1,"stat.pickup.thermalfoundation.storage_alloy":1,"stat.craftItem.harvestcraft.doughitem":64,"stat.damageDealt":2150,"stat.craftItem.minecraft.baked_potato":6,"stat.mineBlock.excompressum.heavy_sieve":1,"stat.craftItem.minecraft.gravel":126,"stat.drop.mysticalagriculture.dirt_essence":7,"stat.walkOneCm":4017695,"stat.craftItem.excompressum.compressed_block":1,"stat.craftItem.thermalfoundation.tool.hoe_steel":1,"stat.pickup.minecraft.stick":2,"stat.mineBlock.stoneblockutilities.stoneworkbench":2,"stat.pickup.minecraft.clay_ball":136,"stat.craftItem.tconstruct.throwball":29,"stat.pickup.immersiveengineering.treated_wood":454,"stat.useItem.immersiveengineering.sheetmetal":214,"stat.craftItem.blockcraftery.editable_block":50,"stat.craftItem.harvestcraft.mortarandpestleitem":1,"stat.craftItem.minecraft.diamond_boots":1,"stat.pickup.actuallyadditions.item_spawner_changer":2,"stat.craftItem.immersiveengineering.faraday_suit_chest":1,"stat.mineBlock.appliedenergistics2.quartz_growth_accelerator":2,"stat.useItem.minecraft.cactus":1,"stat.useItem.immersiveengineering.treated_wood_slab":16,"stat.pickup.minecraft.gold_ingot":51,"stat.killEntity.Skeleton":5,"stat.mineBlock.immersiveengineering.cloth_device":35,"stat.craftItem.appliedenergistics2.crystal_seed":24,"stat.craftItem.mekanism.machineblock2":1,"stat.killEntity.Spider":8,"stat.pickup.minecraft.bread":1,"stat.craftItem.ae2stuff.grower":1,"stat.pickup.minecraft.quartz":99,"stat.craftItem.extrautils2.trashcan":1,"stat.mineBlock.minecraft.leaves":423,"stat.mineBlock.tconstruct.seared":1,"stat.mineBlock.tconstruct.casting":3,"stat.pickup.minecraft.lava_bucket":1,"stat.craftItem.minecraft.brick":291,"stat.mineBlock.immersiveengineering.stone_decoration":265,"stat.mineBlock.minecraft.stone":3737}