{"stat.useItem.minecraft.bow":9,"stat.drop.excompressum.compressed_hammer_stone":2,"stat.pickup.minecraft.wooden_slab":14,"stat.craftItem.minecraft.diamond_hoe":1,"stat.leaveGame":29,"stat.pickup.extrautils2.redorchid":1,"stat.pickup.tconstruct.edible":848,"stat.craftItem.excompressum.compressed_hammer_stone":5,"stat.useItem.chancecubes.chance_cube":50,"stat.drop.exnihilocreatio.item_pebble":4,"stat.craftItem.minecraft.shield":1,"stat.mineBlock.minecraft.web":9,"stat.pickup.immersiveengineering.conveyor":1,"stat.drop.exnihilocreatio.hammer_stone":4,"stat.mineBlock.fluidcows.stall":1,"stat.useItem.chesttransporter.chesttransporter_diamond":16,"stat.mineBlock.gravestone.gravestone":3,"stat.pickup.exnihilocreatio.block_dust":1760,"stat.pickup.minecraft.rotten_flesh":50,"stat.useItem.minecraft.diamond_hoe":6,"stat.craftItem.minecraft.stone_axe":1,"stat.useItem.tconstruct.throwball":448,"stat.pickup.minecraft.bucket":5,"stat.mineBlock.minecraft.wooden_slab":5,"stat.pickup.integrateddynamics.menril_sapling":17,"stat.pickup.exnihilocreatio.item_ore_copper":56,"stat.craftItem.excompressum.bait":12,"stat.useItem.tconstruct.slime_sapling":3,"stat.pickup.cyclicmagic.cyclic_wand_build":1,"stat.useItem.exnihilocreatio.item_material":8,"stat.pickup.thermalfoundation.upgrade":2,"stat.mineBlock.ceramics.dark_bricks_stairs":2,"stat.useItem.minecraft.iron_pickaxe":92,"stat.craftItem.stonechest.chest_cobblestone":8,"stat.useItem.fluidcows.stall":15,"stat.craftItem.yabba.upgrade_pickup":1,"stat.pickup.harvestcraft.spiderweb_sapling":1,"stat.pickup.enderio.item_basic_capacitor":19,"stat.mineBlock.minecraft.hopper":2,"stat.pickup.thermalfoundation.material":2689,"stat.furnaceInteraction":54,"stat.mineBlock.chancecubes.chance_cube":67,"stat.pickup.harvestcraft.cherryitem":13,"stat.useItem.minecraft.pumpkin_seeds":6,"stat.mineBlock.botania.flower":1,"stat.killEntity.ZombieVillager":2,"stat.craftItem.roost.breeder":8,"stat.craftItem.cyclicmagic.tool_torch_launcher":14,"stat.pickup.chickens.liquid_egg":691,"stat.pickup.extrautils2.klein":1,"stat.pickup.minecraft.prismarine":8,"stat.pickup.minecraft.beef":6,"stat.pickup.chisel.stonebrick":16,"stat.useItem.exnihilocreatio.item_cooked_silkworm":61,"stat.useItem.exnihilocreatio.item_seed_potato":2,"stat.pickup.minecraft.leather_helmet":2,"stat.pickup.exnihilocreatio.item_cooked_silkworm":2,"stat.useItem.minecraft.trapdoor":1,"stat.mineBlock.harvestcraft.pamcinnamon":2,"stat.useItem.tconstruct.stone_torch":88,"stat.useItem.minecraft.fence":41,"stat.pickup.actuallyadditions.item_crystal":586,"stat.pickup.tconstruct.hammer":1,"stat.mineBlock.minecraft.fence":9,"stat.useItem.minecraft.wheat_seeds":10,"stat.pickup.cyclicmagic.energy_pump":1,"stat.pickup.minecraft.emerald":241,"stat.pickup.cyclicmagic.tool_torch_launcher":24,"stat.useItem.minecraft.dye":1785,"stat.deaths":3,"stat.pickup.minecraft.egg":24,"stat.pickup.actuallyadditions.item_dust":386,"stat.pickup.thaumcraft.crystal_terra":23,"stat.pickup.harvestcraft.peach_sapling":1,"stat.pickup.tconstruct.stone_torch":70,"stat.pickup.minecraft.clock":6,"stat.craftItem.minecraft.iron_pickaxe":1,"stat.pickup.minecraft.glass_pane":15,"stat.pickup.immersiveengineering.sheetmetal_slab":2,"stat.pickup.draconicevolution.draconium_ingot":291,"stat.drop.minecraft.iron_ingot":8,"stat.mineBlock.minecraft.tallgrass":587,"stat.pickup.tconstruct.seared":3,"stat.chestOpened":566,"stat.pickup.harvestcraft.cherry_sapling":1,"stat.pickup.fluxnetworks.fluxstorage":1,"stat.craftItem.roost.roost":131,"stat.pickup.botania.mushroom":2,"stat.pickup.immersiveengineering.material":8,"stat.pickup.minecraft.iron_sword":4,"stat.pickup.minecraft.arrow":55,"stat.pickup.yabba.upgrade_diamond_tier":64,"stat.craftItem.minecraft.wheat_seeds":1362,"stat.pickup.extrautils2.compressedcobblestone":130,"stat.craftItem.yabba.upgrade_void":1,"stat.pickup.appliedenergistics2.quartz_block":51,"stat.pickup.stoneblockutilities.stoneworkbench":4,"stat.craftItem.minecraft.coal":60,"stat.mineBlock.botania.mushroom":2,"stat.useItem.roost.breeder":22,"stat.pickup.enderio.item_alloy_ingot":835,"stat.pickup.minecraft.carrot":9,"stat.crouchOneCm":34944,"stat.mineBlock.minecraft.chest":30,"stat.craftItem.minecraft.iron_ingot":9,"stat.drop.tp.bams_pizza":1,"stat.craftItem.minecraft.hopper":4,"stat.craftingTableInteraction":51,"stat.craftItem.ceramics.clay_slab":6,"stat.pickup.ceramics.clay_hard":48,"stat.mineBlock.minecraft.log2":357,"stat.pickup.thermalfoundation.tome_lexicon":1,"stat.pickup.exnihilocreatio.item_ore_gold":221,"stat.pickup.minecraft.dye":11592,"stat.pickup.minecraft.planks":40,"stat.pickup.harvestcraft.dateitem":1,"stat.craftItem.minecraft.diamond_shovel":2,"stat.pickup.minecraft.wheat_seeds":4532,"stat.mineBlock.roost.breeder":32,"stat.craftItem.tconstruct.slime_congealed":7,"stat.mineBlock.minecraft.glass":6,"stat.pickup.cyclicmagic.water_candle":4,"stat.craftItem.roost.catcher":2,"stat.pickup.harvestcraft.cinnamonitem":4,"stat.mineBlock.yabba.item_barrel":41,"stat.mineBlock.minecraft.dirt":746,"stat.craftItem.yabba.upgrade_star_tier":61,"stat.pickup.minecraft.poisonous_potato":1,"stat.useItem.stoneblockutilities.crook_stone":371,"stat.pickup.exnihilocreatio.item_mesh":3,"stat.pickup.immersiveengineering.seed":23,"stat.mineBlock.extrautils2.compresseddirt":218,"stat.useItem.minecraft.cobblestone":474,"stat.useItem.minecraft.gravel":179,"stat.pickup.hatchery.nest":4,"stat.pickup.quantumflux.imaginarytime":1,"stat.useItem.fluidcows.cow_halter":82,"stat.pickup.botania.blacklotus":8,"stat.pickup.extrautils2.crafter":4,"stat.pickup.stonechest.chest_cobblestone":8,"stat.craftItem.exnihilocreatio.block_sieve":2,"stat.pickup.minecraft.iron_pickaxe":7,"stat.drop.minecraft.sapling":1,"stat.pickup.minecraft.hopper":3,"stat.pickup.minecraft.chicken":1058,"stat.pickup.minecraft.tipped_arrow":180,"stat.pickup.minecraft.apple":324,"stat.pickup.extrautils2.compresseddirt":1,"stat.pickup.minecraft.coal_block":28,"stat.craftItem.minecraft.bucket":65,"stat.craftItem.minecraft.planks":2732,"stat.useItem.minecraft.iron_sword":261,"stat.mineBlock.harvestcraft.spiderweb_sapling":1,"stat.pickup.torchmaster.mega_torch":35,"stat.craftItem.minecraft.dirt":4016,"stat.craftItem.stoneblockutilities.stoneworkbench":4,"stat.craftItem.tconstruct.stone_torch":104,"stat.craftItem.minecraft.fishing_rod":1,"stat.useItem.excompressum.compressed_block":1,"stat.useItem.ceramics.clay_slab":4,"stat.mineBlock.minecraft.log":57,"stat.useItem.chickens.liquid_egg":5,"stat.useItem.roost.chicken":873,"stat.craftItem.minecraft.paper":36,"stat.pickup.chancecubes.silk_touch_pendant":1,"stat.pickup.minecraft.red_flower":19,"stat.pickup.exnihilocreatio.block_sieve":3,"stat.pickup.minecraft.wool":13,"stat.pickup.immersiveengineering.connector":4,"stat.pickup.appliedenergistics2.part":11,"stat.craftItem.chesttransporter.chesttransporter_diamond":7,"stat.pickup.extrautils2.pipe":58,"stat.craftItem.minecraft.cobblestone":148,"stat.cakeSlicesEaten":12,"stat.pickup.minecraft.tripwire_hook":1,"stat.craftItem.minecraft.diamond_leggings":1,"stat.pickup.minecraft.bookshelf":16,"stat.useItem.minecraft.iron_axe":1228,"stat.mineBlock.minecraft.cobblestone":354,"stat.mineBlock.minecraft.pumpkin":1,"stat.pickup.yabba.upgrade_gold_tier":6,"stat.pickup.minecraft.flint":2120,"stat.mineBlock.minecraft.yellow_flower":50,"stat.craftItem.ceramics.dark_bricks_stairs":12,"stat.pickup.immersiveengineering.metal_decoration1":25,"stat.drop.roost.catcher":1,"stat.craftItem.minecraft.saddle":2,"stat.mineBlock.ironchest.iron_chest":7,"stat.useItem.minecraft.stone_slab2":1764,"stat.pickup.minecraft.bow":4,"stat.pickup.minecraft.iron_boots":1,"stat.pickup.minecraft.stone_hoe":1,"stat.craftItem.minecraft.furnace":1,"stat.drop.industrialforegoing.plastic":5,"stat.craftItem.minecraft.bow":1,"stat.pickup.minecraft.diamond_leggings":3,"stat.useItem.exnihilocreatio.hammer_stone":5190,"stat.flyOneCm":2249612,"stat.pickup.actuallyadditions.item_booklet":1,"stat.pickup.minecraft.fish":4,"stat.useItem.extrautils2.compressedgravel":257,"stat.mineBlock.immersiveengineering.metal_decoration1":25,"stat.craftItem.yabba.upgrade_blank":272,"stat.craftItem.minecraft.stained_glass":320,"stat.timeSinceDeath":1137623,"stat.pickup.yabba.item_barrel":40,"stat.pickup.fluidcows.cow_halter":3,"stat.mineBlock.chisel.glowstone2":1,"stat.useItem.minecraft.wooden_slab":5,"stat.pickup.hatchery.chickenmanure":11502,"stat.mineBlock.excompressum.bait":16,"stat.craftItem.tconstruct.slime_dirt":74,"stat.pickup.minecraft.nether_wart":401,"stat.pickup.minecraft.shield":3,"stat.craftItem.minecraft.stone_hoe":2,"stat.pickup.extrautils2.ingredients":26,"stat.pickup.botania.manabottle":1,"stat.pickup.minecraft.string":1311,"stat.pickup.excompressum.compressed_hammer_stone":1,"stat.craftItem.tconstruct.stone_stick":212,"stat.craftItem.excompressum.heavy_sieve":1,"stat.sprintOneCm":3155126,"stat.useItem.minecraft.diamond_shovel":17,"stat.mineBlock.minecraft.stone_slab":1,"stat.pickup.cyclicmagic.ender_pearl_mounted":1,"stat.useItem.minecraft.snowball":33,"stat.craftItem.fluidcows.cow_displayer":4,"stat.pickup.thaumcraft.crystal_aqua":16,"stat.craftItem.excompressum.wooden_crucible":1,"stat.useItem.harvestcraft.maple_sapling":1,"stat.mineBlock.extrautils2.compressedsand":192,"stat.killEntity.Zombie":15,"stat.craftItem.minecraft.dye":69,"stat.pickup.minecraft.snowball":873,"stat.killEntity.Guardian":2,"stat.craftItem.exnihilocreatio.item_cooked_silkworm":62,"stat.craftItem.minecraft.diamond_axe":2,"stat.diveOneCm":4336,"stat.pickup.minecraft.wheat":4488,"stat.pickup.extrautils2.machine":1,"stat.pickup.chisel.planks-acacia":204,"stat.useItem.minecraft.chicken":10,"stat.mineBlock.tconstruct.slime_leaves":51,"stat.pickup.minecraft.obsidian":321,"stat.useItem.harvestcraft.dragonfruititem":3,"stat.pickup.cyclicmagic.crafting_food":1,"stat.pickup.ceramics.dark_bricks_stairs":14,"stat.craftItem.exnihilocreatio.block_crucible":2,"stat.craftItem.minecraft.diamond_sword":1,"stat.jump":7767,"stat.useItem.minecraft.sand":118,"stat.pickup.minecraft.coal":1253,"stat.pickup.minecraft.iron_ingot":2307,"stat.useItem.exnihilocreatio.item_seed_carrot":2,"stat.drop.minecraft.diamond_sword":1,"stat.pickup.minecraft.gunpowder":816,"stat.mineBlock.roost.roost":99,"stat.craftItem.minecraft.torch":832,"stat.mineBlock.chancecubes.giant_chance_cube":2,"stat.pickup.minecraft.dirt":4112,"stat.pickup.harvestcraft.chestnutitem":1,"stat.mineBlock.excompressum.wooden_crucible":1,"stat.useItem.minecraft.sapling":64,"stat.pickup.actuallyadditions.item_flax_seed":12,"stat.pickup.minecraft.cookie":24,"stat.pickup.minecraft.iron_axe":8,"stat.damageTaken":2511,"stat.drop.tp.flint_block":1,"stat.mineBlock.torchmaster.mega_torch":3,"stat.mineBlock.minecraft.torch":46,"stat.mineBlock.minecraft.red_flower":18,"stat.pickup.minecraft.magma_cream":348,"stat.drop.tconstruct.slimesling":4,"stat.pickup.minecraft.log2":357,"stat.craftItem.minecraft.glowstone":74,"stat.pickup.harvestcraft.cinnamon_sapling":2,"stat.craftItem.hatchery.animalnet":1,"stat.pickup.tconstruct.ingots":927,"stat.drop.tconstruct.stone_torch":2,"stat.pickup.exnihilocreatio.item_seed_potato":7,"stat.pickup.minecraft.potato":18,"stat.mineBlock.minecraft.fence_gate":1,"stat.pickup.minecraft.diamond_axe":7,"stat.craftItem.extrautils2.compressedsand":184,"stat.killEntity.Silverfish":10,"stat.useItem.hatchery.chickenmanure":7716,"stat.useItem.chisel.glowstone1":64,"stat.craftItem.minecraft.stone_slab":126,"stat.craftItem.yabba.upgrade_iron_tier":72,"stat.pickup.hatchery.hatcheryegg":53,"stat.animalsBred":38,"stat.useItem.minecraft.chest":14,"stat.drop.minecraft.wheat":1,"stat.pickup.minecraft.diamond_pickaxe":3,"stat.craftItem.thermalfoundation.tool.hammer_invar":24,"stat.pickup.appliedenergistics2.quartz_glass":3,"stat.useItem.minecraft.lava_bucket":1,"stat.pickup.thaumcraft.crystal_aer":20,"stat.craftItem.minecraft.wheat":18,"stat.drop.roost.roost":2,"stat.pickup.minecraft.ender_pearl":335,"stat.pickup.minecraft.cooked_beef":1,"stat.useItem.chancecubes.compact_giant_chance_cube":1,"stat.useItem.cyclicmagic.magnet_block":2,"stat.pickup.cyclicmagic.glove_climb":3,"stat.pickup.extrautils2.drum":2,"stat.pickup.tp.emerald_spear":1,"stat.pickup.thaumcraft.crystal_perditio":20,"stat.mineBlock.extrautils2.minichest":3,"stat.mobKills":1359,"stat.pickup.excompressum.wooden_crucible":1,"stat.pickup.mysticalagriculture.inferium_furnace":1,"stat.pickup.minecraft.diamond":482,"stat.pickup.minecraft.beetroot_seeds":12,"stat.pickup.ftbquests.lootcrate":92,"stat.pickup.minecraft.torch":350,"stat.pickup.thaumcraft.brain":3,"stat.pickup.roost.roost":101,"stat.drop.tconstruct.toolforge":1,"stat.pickup.mysticalagriculture.inferium_hoe":1,"stat.mineBlock.exnihilocreatio.block_sieve":3,"stat.useItem.extrautils2.compresseddirt":212,"stat.pickup.ftbquests.book":2,"stat.pickup.cyclicmagic.energy_pipe":1,"stat.mineBlock.chisel.glowstone":2,"stat.craftItem.minecraft.iron_axe":8,"stat.pickup.thaumcraft.crystal_ordo":18,"stat.pickup.harvestcraft.rambutan_sapling":1,"stat.mineBlock.extrautils2.compressedcobblestone":210,"stat.pickup.minecraft.fishing_rod":1,"stat.useItem.minecraft.planks":41,"stat.drop.chickens.spawn_egg":1,"stat.pickup.minecraft.glowstone_dust":734,"stat.pickup.harvestcraft.maple_sapling":1,"stat.pickup.enderstorage.ender_storage":12,"stat.drop.chisel.planks-acacia":1,"stat.drop.tconstruct.slime_boots":1,"stat.pickup.minecraft.blaze_powder":250,"stat.pickup.minecraft.glass":1176,"stat.pickup.tconstruct.slimesling":7,"stat.pickup.darkutils.timer":1,"stat.craftItem.hatchery.nest":4,"stat.pickup.openblocks.sky":12,"stat.useItem.minecraft.water_bucket":27,"stat.pickup.minecraft.sand":3704,"stat.pickup.minecraft.hardened_clay":27,"stat.useItem.stonechest.chest_cobblestone":4,"stat.useItem.tp.plump_pear":2,"stat.pickup.minecraft.name_tag":1,"stat.drop.hatchery.chickenmanure":2,"stat.pickup.exnihilocreatio.item_pebble":945,"stat.mineBlock.exnihilocreatio.block_infested_leaves":65,"stat.drop.roost.chicken":1,"stat.mineBlock.minecraft.sand":119,"stat.pickup.storagedrawers.tape":1,"stat.useItem.minecraft.fence_gate":1,"stat.hopperInspected":15,"stat.useItem.yabba.item_barrel":22,"stat.pickup.tconstruct.slime_sapling":11,"stat.pickup.minecraft.ghast_tear":290,"stat.pickup.projectred-core.resource_item":91,"stat.craftItem.yabba.item_barrel":15,"stat.pickup.appliedenergistics2.crystal_seed":19,"stat.pickup.actuallyadditions.item_solidified_experience":220,"stat.mineBlock.cyclicmagic.magnet_block":2,"stat.pickup.minecraft.fence_gate":1,"stat.pickup.hatchery.pen":2,"stat.pickup.chickens.colored_egg":2,"stat.pickup.minecraft.furnace":3,"stat.pickup.mysticalagriculture.nature_essence":26,"stat.pickup.extrautils2.compressedsand":4,"stat.useItem.tp.plump_peach":2,"stat.pickup.exnihilocreatio.item_ore_iron":49,"stat.drop.minecraft.fishing_rod":2,"stat.pickup.minecraft.iron_chestplate":1,"stat.pickup.exnihilocreatio.item_ore_osmium":67,"stat.useItem.minecraft.stone_stairs":3,"stat.pickup.minecraft.skull":5,"stat.craftItem.chickens.colored_egg":9,"stat.pickup.chancecubes.chance_cube":11,"stat.craftItem.minecraft.fence_gate":3,"stat.mineBlock.extrautils2.cursedearth":334,"stat.pickup.exnihilocreatio.item_seed_carrot":4,"stat.craftItem.ironchest.iron_chest":151,"stat.pickup.minecraft.pumpkin_seeds":10,"stat.pickup.tconstruct.slime_dirt":3,"stat.pickup.exnihilocreatio.item_ore_nickel":242,"stat.craftItem.chisel.chisel_diamond":10,"stat.useItem.minecraft.hopper":3,"stat.craftItem.immersiveengineering.material":64,"stat.useItem.roost.roost":194,"stat.pickup.ironchest.iron_chest":7,"stat.useItem.hatchery.animalnet":13,"stat.pickup.cyclicmagic.entity_detector":2,"stat.playOneMinute":2895476,"stat.pickup.minecraft.blaze_rod":345,"stat.pickup.tp.bams_pizza":6,"stat.useItem.integrateddynamics.menril_sapling":3,"stat.pickup.minecraft.dispenser":20,"stat.pickup.minecraft.pumpkin":1,"stat.pickup.roost.breeder":32,"stat.useItem.harvestcraft.coconutitem":1,"stat.pickup.thaumcraft.crystal_vitium":18,"stat.drop.cyclicmagic.tool_torch_launcher":5,"stat.mineBlock.minecraft.dispenser":20,"stat.useItem.ceramics.dark_bricks_stairs":12,"stat.drop.torchmaster.mega_torch":12,"stat.craftItem.cyclicmagic.magnet_block":6,"stat.craftItem.minecraft.iron_nugget":63,"stat.pickup.minecraft.cooked_chicken":321,"stat.fallOneCm":21677,"stat.drop.minecraft.dye":3,"stat.pickup.minecraft.melon_seeds":11,"stat.craftItem.minecraft.chest":85,"stat.pickup.minecraft.melon":2,"stat.drop.fluidcows.cow_halter":2,"stat.pickup.minecraft.feather":108,"stat.useItem.minecraft.furnace":2,"stat.useItem.harvestcraft.epicbaconitem":1,"stat.pickup.minecraft.iron_leggings":1,"stat.craftItem.thermalfoundation.tool.excavator_diamond":1,"stat.mineBlock.minecraft.gravel":191,"stat.craftItem.chickens.spawn_egg":7,"stat.pickup.fluidcows.stall":1,"stat.pickup.chisel.chisel_hitech":1,"stat.pickup.minecraft.record_13":2,"stat.drop.minecraft.iron_axe":6,"stat.mineBlock.minecraft.monster_egg":4,"stat.pickup.mekanism.ingot":295,"stat.useItem.minecraft.torch":7,"stat.craftItem.minecraft.stone_stairs":4,"stat.useItem.ironchest.iron_chest":21,"stat.useItem.exnihilocreatio.item_seed_cactus":5,"stat.useItem.minecraft.log":1,"stat.pickup.minecraft.crafting_table":5,"stat.pickup.darkutils.ender_tether":2,"stat.craftItem.extrautils2.compressedgravel":239,"stat.craftItem.minecraft.crafting_table":2,"stat.drop.hatchery.pen":1,"stat.drop.ironchest.iron_chest":1,"stat.pickup.enderio.block_simple_alloy_smelter":1,"stat.pickup.minecraft.iron_hoe":1,"stat.killEntity.LavaSlime":49,"stat.pickup.excompressum.bait":16,"stat.pickup.extrautils2.grocket":3,"stat.pickup.minecraft.log":2719,"stat.pickup.minecraft.compass":6,"stat.drop.minecraft.planks":2,"stat.pickup.minecraft.sapling":310,"stat.pickup.roost.chicken":1210,"stat.pickup.minecraft.wooden_door":2,"stat.useItem.thermalfoundation.tool.excavator_diamond":55,"stat.useItem.hatchery.nest":1,"stat.pickup.minecraft.diamond_helmet":3,"stat.useItem.harvestcraft.dateitem":1,"stat.pickup.roost.catcher":1,"stat.mineBlock.stonechest.chest_cobblestone":9,"stat.craftItem.hatchery.pen":1,"stat.craftItem.minecraft.cooked_chicken":192,"stat.useItem.minecraft.stone_hoe":23,"stat.pickup.cyclicmagic.magnet_block":5,"stat.pickup.tconstruct.slime_boots":5,"stat.useItem.chesttransporter.chesttransporter":1,"stat.sneakTime":30327,"stat.pickup.thaumcraft.amber":323,"stat.drop.minecraft.bucket":2,"stat.mineBlock.extrautils2.compressedgravel":264,"stat.mineBlock.hatchery.nest":4,"stat.pickup.minecraft.stone_slab":1,"stat.pickup.minecraft.yellow_flower":49,"stat.pickup.environmentaltech.void_ore_miner_cont_1":3,"stat.useItem.excompressum.compressed_hammer_iron":113,"stat.useItem.minecraft.fishing_rod":11,"stat.pickup.minecraft.chest":30,"stat.craftItem.minecraft.diamond_chestplate":1,"stat.mineBlock.harvestcraft.cherry_sapling":1,"stat.pickup.minecraft.bone":69,"stat.craftItem.stonechest.part_cobblestone":34,"stat.horseOneCm":90794,"stat.pickup.harvestcraft.paperbark_sapling":1,"stat.useItem.minecraft.diamond_sword":711,"stat.craftItem.minecraft.diamond_helmet":1,"stat.craftItem.tconstruct.slimesling":3,"stat.pickup.exnihilocreatio.item_ore_lead":31,"stat.craftItem.extrautils2.compressedcobblestone":1212,"stat.swimOneCm":50781,"stat.climbOneCm":47,"stat.pickup.exnihilocreatio.block_auto_sifter":6,"stat.craftItem.minecraft.gold_block":156,"stat.useItem.chisel.planks-acacia":1125,"stat.pickup.industrialforegoing.plastic":339,"stat.pickup.thermalexpansion.machine":5,"stat.craftItem.fluidcows.stall":64,"stat.useItem.minecraft.dirt":4903,"stat.drop.minecraft.quartz":1,"stat.pickup.minecraft.enchanting_table":1,"stat.craftItem.minecraft.trapdoor":2,"stat.pickup.mysticalagriculture.infusion_crystal":1,"stat.pickup.minecraft.cobblestone":24109,"stat.useItem.hatchery.hatcheryegg":4,"stat.pickup.exnihilocreatio.item_seed_cactus":6,"stat.craftItem.fluidcows.cow_halter":4,"stat.pickup.minecraft.soul_sand":390,"stat.pickup.appliedenergistics2.material":1026,"stat.drop.minecraft.wheat_seeds":4,"stat.craftItem.yabba.upgrade_gold_tier":73,"stat.craftItem.minecraft.wooden_slab":264,"stat.craftItem.extrautils2.compresseddirt":234,"stat.useItem.minecraft.cooked_beef":1,"stat.pickup.minecraft.cactus":23,"stat.pickup.extrautils2.compressedgravel":3,"stat.drop.minecraft.clay_ball":4,"stat.pickup.minecraft.redstone":1089,"stat.pickup.exnihilocreatio.hammer_stone":3,"stat.pickup.thaumcraft.crystal_ignis":30,"stat.pickup.actuallyadditions.item_rice_seed":16,"stat.pickup.harvestcraft.soursopitem":14,"stat.pickup.tconstruct.kama":1,"stat.craftItem.torchmaster.mega_torch":78,"stat.pickup.minecraft.cake":2,"stat.pickup.chisel.chisel_diamond":1,"stat.drop.minecraft.dirt":4,"stat.pickup.mekanism.salt":323,"stat.pickup.minecraft.iron_shovel":1,"stat.pickup.minecraft.diamond_shovel":3,"stat.craftItem.exnihilocreatio.hammer_stone":98,"stat.craftItem.tconstruct.slime_boots":2,"stat.pickup.exnihilocreatio.item_ore_aluminium":35,"stat.craftItem.minecraft.stone_slab2":0,"stat.pickup.minecraft.nether_star":1,"stat.pickup.actuallyadditions.item_misc":337,"stat.useItem.tconstruct.slime_dirt":68,"stat.craftItem.minecraft.stick":316,"stat.useItem.cyclicmagic.crafting_food":1,"stat.useItem.minecraft.stone_slab":5,"stat.pickup.exnihilocreatio.item_material":22,"stat.craftItem.minecraft.stone":108,"stat.mineBlock.minecraft.crafting_table":4,"stat.mineBlock.harvestcraft.pamdragonfruit":1,"stat.useItem.minecraft.diamond_pickaxe":348,"stat.killEntity.Endermite":2,"stat.useItem.excompressum.compressed_hammer_stone":798,"stat.drop.exnihilocreatio.block_dust":1,"stat.useItem.minecraft.wheat":2,"stat.craftItem.minecraft.clay_ball":12,"stat.pickup.minecraft.diamond_chestplate":3,"stat.mineBlock.chisel.planks-acacia":205,"stat.entityKilledBy.Creeper":1,"stat.pickup.botania.flower":1,"stat.drop.exnihilocreatio.item_cooked_silkworm":2,"stat.mineBlock.minecraft.planks":41,"stat.useItem.extrautils2.compressedsand":181,"stat.drop":98,"stat.useItem.thermalfoundation.tool.hammer_invar":434,"stat.pickup.minecraft.slime_ball":382,"stat.craftItem.minecraft.diamond_pickaxe":1,"stat.useItem.minecraft.melon_seeds":1,"stat.useItem.stoneblockutilities.stoneworkbench":1,"stat.pickup.tconstruct.toolforge":1,"stat.useItem.tp.bams_pizza":4,"stat.pickup.harvestcraft.coconutitem":1,"stat.pickup.minecraft.gravel":2113,"stat.useItem.extrautils2.compressedcobblestone":205,"stat.useItem.minecraft.diamond_axe":117,"stat.pickup.openblocks.dev_null":1,"stat.useItem.minecraft.apple":22,"stat.mineBlock.tconstruct.slime_dirt":3,"stat.pickup.harvestcraft.dragonfruititem":3,"stat.pickup.exnihilocreatio.item_ore_tin":42,"stat.pickup.exnihilocreatio.item_seed_sugarcane":9,"stat.useItem.immersiveengineering.metal_decoration1":55,"stat.pickup.minecraft.diamond_sword":3,"stat.pickup.minecraft.fence":9,"stat.pickup.minecraft.iron_helmet":1,"stat.pickup.minecraft.spider_eye":18,"stat.pickup.minecraft.experience_bottle":1,"stat.craftItem.yabba.upgrade_diamond_tier":64,"stat.craftItem.stoneblockutilities.crook_stone":3,"stat.useItem.minecraft.cooked_chicken":210,"stat.pickup.tconstruct.slime_congealed":5,"stat.craftItem.immersiveengineering.metal_decoration1":96,"stat.boatOneCm":2036,"stat.craftItem.exnihilocreatio.item_ore_iron":9,"stat.pickup.actuallyadditions.item_coffee_seed":15,"stat.pickup.minecraft.leaves":206,"stat.mineBlock.minecraft.leaves2":64,"stat.pickup.minecraft.leather":293,"stat.craftItem.minecraft.iron_bars":256,"stat.pickup.chesttransporter.chesttransporter_diamond":1,"stat.mineBlock.minecraft.furnace":3,"stat.pickup.minecraft.prismarine_shard":6,"stat.drop.minecraft.water_bucket":2,"stat.mineBlock.immersiveengineering.conveyor":1,"stat.pickup.mysticalagriculture.crafting":503,"stat.useItem.chancecubes.chance_icosahedron":1,"stat.pickup.minecraft.reeds":39,"stat.craftItem.harvestcraft.fishtrapbaititem":8,"stat.pickup.minecraft.prismarine_crystals":298,"stat.pickup.exnihilocreatio.item_ore_silver":308,"stat.mineBlock.tconstruct.stone_torch":33,"stat.pickup.tconstruct.materials":117,"stat.damageDealt":26083,"stat.useItem.exnihilocreatio.item_seed_sugarcane":3,"stat.pickup.actuallyadditions.item_canola_seed":21,"stat.pickup.botania.dye":8,"stat.useItem.harvestcraft.chestnutitem":1,"stat.killEntity.Cow":1,"stat.craftItem.minecraft.iron_sword":3,"stat.mineBlock.harvestcraft.cinnamon_sapling":1,"stat.walkOneCm":6498121,"stat.craftItem.excompressum.compressed_block":211,"stat.craftItem.exnihilocreatio.item_material":8,"stat.pickup.minecraft.stick":589,"stat.mineBlock.stoneblockutilities.stoneworkbench":4,"stat.pickup.minecraft.clay_ball":377,"stat.craftItem.tconstruct.throwball":1024,"stat.pickup.extrautils2.minichest":6,"stat.pickup.bigreactors.ingotmetals":267,"stat.mineBlock.hatchery.pen":1,"stat.craftItem.minecraft.diamond_boots":1,"stat.pickup.randomthings.summoningpendulum":2,"stat.mineBlock.integrateddynamics.menril_sapling":3,"stat.pickup.minecraft.stone":1057,"stat.craftItem.minecraft.hay_block":446,"stat.pickup.actuallyadditions.item_spawner_changer":2,"stat.useItem.minecraft.cactus":3,"stat.useItem.torchmaster.mega_torch":10,"stat.pickup.minecraft.gold_ingot":612,"stat.killEntity.Skeleton":7,"stat.mineBlock.minecraft.cactus":12,"stat.killEntity.Chicken":3,"stat.killEntity.Spider":4,"stat.pickup.yabba.upgrade_iron_tier":64,"stat.pickup.minecraft.quartz":2127,"stat.craftItem.minecraft.fence":42,"stat.pickup.minecraft.water_bucket":2,"stat.mineBlock.minecraft.leaves":311,"stat.pickup.enderio.block_simple_sag_mill":1,"stat.mineBlock.tconstruct.seared":1,"stat.pickup.minecraft.lava_bucket":1,"stat.craftItem.minecraft.coal_block":28,"stat.mineBlock.harvestcraft.pampapaya":1,"stat.craftItem.exnihilocreatio.item_mesh":7,"stat.mineBlock.minecraft.stone":8328}