{"stat.pickup.enderio.block_simple_wired_charger":8,"stat.craftItem.mysticalagriculture.infusion_crystal":1,"stat.pickup.mekanism.machineblock2":4,"stat.craftItem.excompressum.compressed_hammer_stone":5,"stat.craftItem.tp.lava_chestplate":1,"stat.craftItem.thermalfoundation.armor.helmet_steel":1,"stat.useItem.actuallyadditions.item_rice_seed":2,"stat.pickup.minecraft.rotten_flesh":2,"stat.pickup.mysticalagriculture.dirt_seeds":28,"stat.pickup.minecraft.cobblestone_wall":2,"stat.pickup.minecraft.bucket":2,"stat.killEntity.Enderman":8,"stat.pickup.minecraft.brown_mushroom":2,"stat.mineBlock.exnihilocreatio.block_waterwheel":1,"stat.mineBlock.minecraft.end_stone":4588,"stat.craftItem.extrautils2.machine":17,"stat.useItem.minecraft.iron_pickaxe":88,"stat.craftItem.tp.diamond_cobblegen_block":3,"stat.pickup.minecraft.stained_hardened_clay":9,"stat.craftItem.stonechest.chest_cobblestone":11,"stat.craftItem.cyclicmagic.energy_pump":1,"stat.furnaceInteraction":100,"stat.pickup.extrautils2.enderlilly":27,"stat.pickup.minecraft.sponge":2,"stat.drop.buildinggadgets.buildingtool":2,"stat.useItem.minecraft.end_stone":48,"stat.pickup.chickens.liquid_egg":191,"stat.craftItem.enderio.block_fused_quartz":3,"stat.pickup.mysticalagriculture.wood_seeds":2,"stat.mineBlock.appliedenergistics2.charger":1,"stat.useItem.tconstruct.stone_torch":90,"stat.useItem.minecraft.fence":45,"stat.craftItem.botania.fertilizer":9,"stat.useItem.draconicevolution.draconic_block":2,"stat.useItem.minecraft.flint_and_steel":5,"stat.mineBlock.minecraft.fence":1,"stat.pickup.cyclicmagic.energy_pump":7,"stat.pickup.minecraft.emerald":39,"stat.pickup.minecraft.lever":6,"stat.deaths":1,"stat.useItem.tconstruct.smeltery_io":3,"stat.pickup.minecraft.egg":15,"stat.pickup.thaumcraft.crystal_terra":36,"stat.craftItem.minecraft.item_frame":1,"stat.craftItem.minecraft.iron_pickaxe":6,"stat.drop.tp.birthday_pickaxe":1,"stat.pickup.tconstruct.mattock":1,"stat.craftItem.tp.hardened_stone":2,"stat.pickup.thermalfoundation.armor.plate_steel":1,"stat.mineBlock.thermalexpansion.machine":2,"stat.chestOpened":1055,"stat.pickup.botania.mushroom":1,"stat.craftItem.minecraft.quartz_block":16,"stat.pickup.minecraft.gold_nugget":4,"stat.pickup.mysticalagriculture.mystical_fertilizer":6,"stat.useItem.chisel.stonebrick":141,"stat.craftItem.minecraft.coal":7,"stat.mineBlock.botania.mushroom":1,"stat.craftItem.mysticalagriculture.stone_seeds":1,"stat.pickup.enderio.item_alloy_ingot":3,"stat.pickup.minecraft.carrot":7,"stat.crouchOneCm":104543,"stat.craftItem.minecraft.iron_ingot":32,"stat.pickup.bonsaitrees.bonsaipot":2,"stat.drop.tp.bams_pizza":1,"stat.pickup.chisel.concrete_gray1":3,"stat.craftingTableInteraction":56,"stat.craftItem.extrautils2.decorativesolid":24,"stat.mineBlock.appliedenergistics2.inscriber":5,"stat.craftItem.tconstruct.pattern":40,"stat.craftItem.exnihilocreatio.item_doll":4,"stat.pickup.minecraft.dye":2032,"stat.pickup.minecraft.planks":93,"stat.pickup.mysticalagriculture.grains_of_infinity_essence":6,"stat.pickup.enderio.item_material":3,"stat.craftItem.roost.catcher":1,"stat.craftItem.extrautils2.pipe":64,"stat.craftItem.minecraft.magma":14,"stat.pickup.exnihilocreatio.item_mesh":1,"stat.pickup.tconstruct.pattern":1,"stat.mineBlock.extrautils2.compresseddirt":64,"stat.mineBlock.draconicevolution.draconium_ore":12,"stat.pickup.appliedenergistics2.energy_acceptor":1,"stat.pickup.tconstruct.pickaxe":2,"stat.pickup.stonechest.chest_cobblestone":3,"stat.pickup.minecraft.chicken":474,"stat.craftItem.appliedenergistics2.inscriber":1,"stat.craftItem.enderio.block_simple_wired_charger":1,"stat.pickup.minecraft.end_stone":4170,"stat.pickup.minecraft.coal_block":28,"stat.craftItem.minecraft.bucket":5,"stat.craftItem.minecraft.planks":424,"stat.pickup.torchmaster.mega_torch":62,"stat.craftItem.minecraft.dirt":2160,"stat.craftItem.minecraft.fishing_rod":1,"stat.craftItem.tconstruct.stone_torch":96,"stat.useItem.chickens.liquid_egg":23,"stat.useItem.roost.chicken":1,"stat.killEntity.BabySkeleton":1,"stat.pickup.appliedenergistics2.part":8,"stat.pickup.extrautils2.pipe":43,"stat.craftItem.minecraft.cobblestone":4661,"stat.pickup.cyclicmagic.sprinkler":4,"stat.mineBlock.minecraft.cobblestone":173,"stat.mineBlock.minecraft.pumpkin":7,"stat.pickup.minecraft.flint":406,"stat.mineBlock.mysticalagriculture.end_inferium_ore":6,"stat.mineBlock.minecraft.concrete":18,"stat.useItem.cyclicmagic.cyclic_wand_build":8,"stat.drop.minecraft.cobblestone":2,"stat.useItem.minecraft.stone_slab2":446,"stat.pickup.minecraft.iron_boots":1,"stat.craftItem.minecraft.furnace":567,"stat.pickup.thermalfoundation.ore":72,"stat.craftItem.minecraft.iron_boots":1,"stat.craftItem.openblocks.info_book":1,"stat.useItem.exnihilocreatio.hammer_stone":25,"stat.craftItem.extrautils2.passivegenerator":4,"stat.useItem.mysticalagriculture.fertilized_essence":28,"stat.mineBlock.fluxnetworks.fluxpoint":1,"stat.craftItem.minecraft.iron_block":5,"stat.craftItem.minecraft.stonebrick":24,"stat.craftItem.mysticalagriculture.wood_seeds":1,"stat.pickup.enderio.block_enderman_skull":1,"stat.killEntity.Creeper":33,"stat.pickup.mysticalagriculture.wood_essence":2,"stat.pickup.botania.manabottle":1,"stat.craftItem.mysticalagriculture.master_infusion_crystal":1,"stat.pickup.ae2wtlib.infinity_booster_card":2,"stat.pickup.mysticalagriculture.ice_seeds":1,"stat.craftItem.tconstruct.stone_stick":24,"stat.pickup.harvestcraft.bassrawitem":1,"stat.sprintOneCm":106039,"stat.pickup.immersiveengineering.tool":2,"stat.pickup.extrautils2.passivegenerator":18,"stat.pickup.cyclicmagic.ender_pearl_mounted":1,"stat.useItem.mysticalagriculture.grains_of_infinity_seeds":1,"stat.craftItem.mysticalagriculture.water_seeds":1,"stat.drop.cyclicmagic.crafting_food":1,"stat.mineBlock.bonsaitrees.bonsaipot":2,"stat.mineBlock.extrautils2.compressedsand":17,"stat.killEntity.Zombie":19,"stat.craftItem.minecraft.dye":187,"stat.pickup.rftools.dimensional_shard":45,"stat.pickup.buildinggadgets.buildingtool":3,"stat.pickup.minecraft.wheat":16,"stat.mineBlock.immersiveengineering.metal_device1":4,"stat.pickup.minecraft.obsidian":7,"stat.mineBlock.mysticalagriculture.inferium_ore":6,"stat.craftItem.harvestcraft.applejuiceitem":30,"stat.craftItem.cyclicmagic.block_hydrator":1,"stat.mineBlock.appliedenergistics2.energy_acceptor":1,"stat.pickup.tp.birthday_pickaxe":2,"stat.pickup.minecraft.coal":563,"stat.pickup.minecraft.iron_ingot":167,"stat.pickup.minecraft.gunpowder":47,"stat.pickup.minecraft.dirt":1035,"stat.mineBlock.minecraft.lapis_ore":5,"stat.mineBlock.minecraft.red_flower":1,"stat.mineBlock.minecraft.torch":62,"stat.craftItem.extrautils2.drum":3,"stat.pickup.minecraft.magma_cream":63,"stat.craftItem.tp.lava_helmet":1,"stat.craftItem.extrautils2.compressedsand":117,"stat.craftItem.exnihilocreatio.crook_wood":15,"stat.craftItem.extrautils2.wateringcan":1,"stat.mineBlock.extrautils2.drum":5,"stat.useItem.hatchery.chickenmanure":3,"stat.craftItem.tconstruct.smeltery_io":5,"stat.useItem.minecraft.lava_bucket":14,"stat.useItem.minecraft.stained_hardened_clay":90,"stat.craftItem.mysticalagriculture.nether_seeds":1,"stat.useItem.minecraft.concrete":1,"stat.pickup.cyclicmagic.glove_climb":2,"stat.pickup.extrautils2.drum":11,"stat.pickup.tp.emerald_spear":1,"stat.pickup.thaumcraft.crystal_perditio":28,"stat.craftItem.minecraft.cookie":3,"stat.mobKills":592,"stat.pickup.excompressum.wooden_crucible":1,"stat.craftItem.exnihilocreatio.item_ore_gold":35,"stat.pickup.minecraft.diamond":64,"stat.craftItem.mysticalagriculture.nature_seeds":1,"stat.pickup.ftbquests.lootcrate":36,"stat.drop.tconstruct.toolforge":2,"stat.craftItem.exnihilocreatio.item_ore_silver":39,"stat.useItem.extrautils2.compresseddirt":61,"stat.drop.ftbquests.lootcrate":1,"stat.useItem.cyclicmagic.energy_pipe":11,"stat.pickup.cyclicmagic.energy_pipe":16,"stat.mineBlock.thaumcraft.ore_quartz":6,"stat.mineBlock.harvestcraft.watertrap":2,"stat.drop.tconstruct.pickaxe":1,"stat.craftItem.exnihilocreatio.block_dust":27,"stat.pickup.minecraft.glowstone_dust":12,"stat.mineBlock.immersiveengineering.ore":25,"stat.pickup.openblocks.sky":13,"stat.mineBlock.minecraft.red_mushroom":3,"stat.drop.hatchery.chickenmanure":2,"stat.pickup.exnihilocreatio.item_pebble":8,"stat.craftItem.tconstruct.casting":5,"stat.craftItem.minecraft.cobblestone_wall":60,"stat.craftItem.tp.emerald_chestplate":1,"stat.craftItem.mysticalagriculture.fire_seeds":1,"stat.hopperInspected":64,"stat.pickup.minecraft.ghast_tear":6,"stat.craftItem.enderio.item_material":2,"stat.craftItem.minecraft.magma_cream":64,"stat.pickup.quantumflux.graphitedust":18,"stat.craftItem.thermalfoundation.material":400,"stat.pickup.chickens.colored_egg":2,"stat.useItem.extrautils2.pipe":69,"stat.pickup.mysticalagriculture.nature_essence":34,"stat.drop.minecraft.stained_hardened_clay":1,"stat.drop.minecraft.fishing_rod":1,"stat.mineBlock.appliedenergistics2.energy_cell":9,"stat.craftItem.excompressum.compressed_hammer_iron":1,"stat.pickup.minecraft.stone_stairs":249,"stat.useItem.betterbuilderswands.wanddiamond":175,"stat.craftItem.mysticalagriculture.storage":1,"stat.pickup.thaumcraft.nugget":2,"stat.pickup.minecraft.pumpkin_seeds":2,"stat.craftItem.chisel.chisel_diamond":1,"stat.pickup.minecraft.blaze_rod":10,"stat.pickup.minecraft.netherrack":10,"stat.pickup.minecraft.pumpkin":7,"stat.pickup.appliedenergistics2.grindstone":1,"stat.pickup.tconstruct.casting":4,"stat.craftItem.minecraft.flint":54,"stat.useItem.minecraft.packed_ice":11,"stat.craftItem.minecraft.mycelium":16,"stat.pickup.minecraft.melon_seeds":1,"stat.craftItem.tp.unhardened_stone":4,"stat.craftItem.tconstruct.toolforge":1,"stat.craftItem.tconstruct.materials":183,"stat.pickup.draconicevolution.draconium_chest":2,"stat.craftItem.extrautils2.ingredients":8,"stat.pickup.minecraft.iron_leggings":1,"stat.pickup.tconstruct.seared_stairs_brick":1,"stat.mineBlock.minecraft.gravel":223,"stat.pickup.appliedenergistics2.energy_cell":12,"stat.craftItem.rftools.machine_frame":22,"stat.craftItem.minecraft.redstone_block":75,"stat.craftItem.minecraft.stone_stairs":520,"stat.pickup.minecraft.crafting_table":1,"stat.craftItem.minecraft.crafting_table":12,"stat.pickup.enderio.block_simple_alloy_smelter":3,"stat.pickup.excompressum.bait":4,"stat.mineBlock.minecraft.emerald_ore":8,"stat.pickup.extrautils2.grocket":19,"stat.pickup.minecraft.redstone_block":54,"stat.mineBlock.chisel.stonebrick":2,"stat.pickup.rftools.crafter3":1,"stat.pickup.rftools.crafter1":1,"stat.pickup.appliedenergistics2.crank":1,"stat.craftItem.betterbuilderswands.wanddiamond":2,"stat.craftItem.harvestcraft.bakewareitem":1,"stat.pickup.minecraft.sapling":189,"stat.pickup.roost.chicken":2,"stat.useItem.exnihilocreatio.block_barrel0":2,"stat.useItem.exnihilocreatio.block_barrel1":3,"stat.mineBlock.tconstruct.toolforge":2,"stat.craftItem.minecraft.end_stone":704,"stat.useItem.exnihilocreatio.block_crucible":4,"stat.mineBlock.stonechest.chest_cobblestone":3,"stat.pickup.cyclicmagic.magnet_block":1,"stat.craftItem.minecraft.sugar":8,"stat.craftItem.cyclicmagic.mattock":1,"stat.drop.minecraft.bucket":1,"stat.mineBlock.extrautils2.compressedgravel":93,"stat.pickup.minecraft.yellow_flower":4,"stat.useItem.minecraft.fishing_rod":5,"stat.pickup.minecraft.bone":24,"stat.craftItem.minecraft.sticky_piston":2,"stat.craftItem.stonechest.part_cobblestone":41,"stat.mineBlock.cyclicmagic.fluid_pump":1,"stat.mineBlock.minecraft.brown_mushroom":2,"stat.pickup.exnihilocreatio.item_ore_lead":146,"stat.climbOneCm":177,"stat.craftItem.appliedenergistics2.crank":1,"stat.pickup.industrialforegoing.plastic":4,"stat.pickup.thermalexpansion.machine":2,"stat.craftItem.tp.lava_leggings":1,"stat.pickup.cyclicmagic.harvester_block":7,"stat.pickup.minecraft.cobblestone":10948,"stat.pickup.minecraft.soul_sand":29,"stat.craftItem.extrautils2.compresseddirt":63,"stat.pickup.minecraft.cactus":6,"stat.pickup.minecraft.redstone":564,"stat.ae2.TurnedCranks":69,"stat.craftItem.minecraft.dispenser":1,"stat.mineBlock.minecraft.iron_ore":30,"stat.craftItem.minecraft.book":2,"stat.pickup.actuallyadditions.item_rice_seed":25,"stat.craftItem.minecraft.cake":2,"stat.mineBlock.thermalfoundation.ore":34,"stat.drop.cyclicmagic.ender_pearl_mounted":1,"stat.craftItem.tconstruct.soil":200,"stat.craftItem.tp.lava_boots":1,"stat.craftItem.mysticalagriculture.inferium_hoe":1,"stat.craftItem.exnihilocreatio.hammer_stone":42,"stat.pickup.exnihilocreatio.item_ore_aluminium":159,"stat.craftItem.minecraft.stick":188,"stat.useItem.extrautils2.passivegenerator":15,"stat.craftItem.minecraft.stained_hardened_clay":88,"stat.craftItem.minecraft.gold_nugget":329,"stat.useItem.chisel.concrete_gray1":78,"stat.useItem.excompressum.compressed_hammer_stone":377,"stat.craftItem.minecraft.clay_ball":4,"stat.pickup.botania.flower":24,"stat.useItem.extrautils2.crafter":3,"stat.mineBlock.minecraft.planks":5,"stat.useItem.extrautils2.compressedsand":16,"stat.drop":26,"stat.craftItem.actuallyadditions.item_misc":26,"stat.killEntity.Sheep":1,"stat.craftItem.appliedenergistics2.charger":1,"stat.useItem.tconstruct.seared":141,"stat.useItem.exnihilocreatio.crook_wood":960,"stat.pickup.cyclicmagic.fluid_pump":1,"stat.craftItem.minecraft.piston":2,"stat.useItem.extrautils2.machine":2,"stat.pickup.openblocks.dev_null":1,"stat.useItem.minecraft.apple":217,"stat.pickup.tconstruct.sharpening_kit":6,"stat.pickup.minecraft.fence":1,"stat.useItem.tp.birthday_pickaxe":8689,"stat.craftItem.botania.pestleandmortar":1,"stat.craftItem.minecraft.iron_helmet":1,"stat.pickup.actuallyadditions.block_misc":17,"stat.pickup.farmingforblockheads.market":1,"stat.boatOneCm":7440,"stat.craftItem.minecraft.flint_and_steel":2,"stat.craftItem.exnihilocreatio.item_ore_iron":89,"stat.mineBlock.tconstruct.tooltables":2,"stat.craftItem.mysticalagriculture.gear":2,"stat.mineBlock.minecraft.stone_stairs":269,"stat.craftItem.minecraft.iron_bars":80,"stat.mineBlock.minecraft.furnace":1,"stat.craftItem.harvestcraft.fishtrapbaititem":12,"stat.pickup.exnihilocreatio.item_ore_silver":33,"stat.damageDealt":28200,"stat.craftItem.mysticalagradditions.insanium":9,"stat.pickup.extrautils2.wateringcan":1,"stat.craftItem.minecraft.bowl":8,"stat.useItem.exnihilocreatio.item_seed_sugarcane":5,"stat.craftItem.tp.emerald_boots":1,"stat.craftItem.minecraft.gravel":873,"stat.pickup.minecraft.stick":52,"stat.craftItem.exnihilocreatio.item_material":196,"stat.pickup.mekanism.oreblock":5,"stat.pickup.immersiveengineering.storage":9,"stat.craftItem.exnihilocreatio.item_ore_nickel":47,"stat.craftItem.harvestcraft.mortarandpestleitem":1,"stat.useItem.openblocks.sky":19,"stat.useItem.minecraft.cactus":2,"stat.useItem.torchmaster.mega_torch":20,"stat.mineBlock.cyclicmagic.sprinkler":4,"stat.craftItem.tp.watering_can":1,"stat.pickup.thaumcraft.ore_cinnabar":16,"stat.pickup.minecraft.concrete_powder":1,"stat.craftItem.exnihilocreatio.block_barrel1":6,"stat.craftItem.exnihilocreatio.block_barrel0":3,"stat.pickup.harvestcraft.watertrap":2,"stat.craftItem.minecraft.fence":45,"stat.mineBlock.minecraft.leaves":981,"stat.useItem.tconstruct.longbow":161,"stat.mineBlock.tconstruct.seared":3,"stat.pickup.tp.flint_block":1,"stat.pickup.draconicevolution.draconium_dust":68,"stat.leaveGame":20,"stat.pickup.tconstruct.edible":7,"stat.craftItem.minecraft.ender_eye":516,"stat.mineBlock.farmingforblockheads.market":1,"stat.craftItem.minecraft.shield":1,"stat.pickup.bigreactors.brore":26,"stat.mineBlock.fluidcows.stall":1,"stat.mineBlock.gravestone.gravestone":1,"stat.pickup.mysticalagriculture.stone_essence":4,"stat.useItem.betterbuilderswands.wandunbreakable":63,"stat.pickup.exnihilocreatio.block_dust":159,"stat.useItem.tconstruct.throwball":1374,"stat.killEntity.Witch":2,"stat.pickup.exnihilocreatio.item_ore_copper":204,"stat.pickup.cyclicmagic.cyclic_wand_build":2,"stat.useItem.fluidcows.stall":6,"stat.mineBlock.minecraft.hopper":2,"stat.pickup.thermalfoundation.material":283,"stat.craftItem.tp.iron_cobblegen_block":3,"stat.mineBlock.botania.flower":24,"stat.useItem.minecraft.pumpkin_seeds":4,"stat.craftItem.harvestcraft.cocoapowderitem":3,"stat.craftItem.cyclicmagic.tool_torch_launcher":1,"stat.pickup.minecraft.beef":3,"stat.craftItem.tp.emerald_cobblegen_block":3,"stat.mineBlock.ae2stuff.grower":7,"stat.craftItem.mysticalagriculture.crafting":111,"stat.pickup.chisel.stonebrick":2,"stat.mineBlock.minecraft.stained_hardened_clay":8,"stat.craftItem.minecraft.dropper":3,"stat.pickup.cyclicmagic.tool_torch_launcher":1,"stat.useItem.minecraft.dye":69,"stat.mineBlock.enderstorage.ender_storage":2,"stat.pickup.actuallyadditions.item_dust":5,"stat.pickup.tconstruct.stone_torch":101,"stat.mineBlock.minecraft.tallgrass":56,"stat.pickup.tconstruct.seared":3,"stat.mineBlock.mekanism.machineblock2":4,"stat.useItem.minecraft.stone":157,"stat.pickup.minecraft.arrow":9,"stat.craftItem.appliedenergistics2.part":4,"stat.pickup.extrautils2.compressedcobblestone":16,"stat.drop.minecraft.iron_pickaxe":1,"stat.pickup.extrautils2.redstoneclock":2,"stat.mineBlock.fluxnetworks.herculeanfluxstorage":11,"stat.craftItem.mysticalagriculture.ice_seeds":1,"stat.pickup.actuallyadditions.item_food":45,"stat.mineBlock.minecraft.concrete_powder":1,"stat.craftItem.minecraft.hopper":4,"stat.killEntity.thermalfoundation.blizz":2,"stat.useItem.minecraft.reeds":1,"stat.craftItem.minecraft.nether_brick":24,"stat.pickup.exnihilocreatio.item_ore_gold":34,"stat.pickup.minecraft.wheat_seeds":52,"stat.mineBlock.mysticalagriculture.ultimate_furnace":1,"stat.mineBlock.minecraft.dirt":221,"stat.pickup.mysticalagriculture.nether_seeds":2,"stat.pickup.immersiveengineering.seed":4,"stat.craftItem.tp.emerald_helmet":1,"stat.useItem.minecraft.cobblestone":711,"stat.useItem.minecraft.gravel":9,"stat.useItem.extrautils2.enderlilly":8,"stat.useItem.tp.emerald_cobblegen_block":1,"stat.pickup.tconstruct.throwball":27,"stat.useItem.fluidcows.cow_halter":10,"stat.useItem.tconstruct.pickaxe":4413,"stat.craftItem.minecraft.gold_ingot":30,"stat.pickup.minecraft.hopper":2,"stat.craftItem.chisel.chisel_iron":1,"stat.mineBlock.chisel.stonebrick2":1,"stat.pickup.minecraft.apple":46,"stat.pickup.extrautils2.compresseddirt":1,"stat.craftItem.stoneblockutilities.stoneworkbench":2,"stat.mineBlock.minecraft.log":160,"stat.mineBlock.extrautils2.enderlilly":19,"stat.craftItem.minecraft.paper":9,"stat.mineBlock.exnihilocreatio.block_crucible":1,"stat.pickup.minecraft.red_flower":1,"stat.craftItem.thermalexpansion.frame":1,"stat.pickup.exnihilocreatio.block_sieve":2,"stat.pickup.minecraft.wool":1,"stat.mineBlock.cyclicmagic.energy_pipe":16,"stat.mineBlock.mysticalagriculture.end_prosperity_ore":9,"stat.mineBlock.thaumcraft.ore_cinnabar":8,"stat.cakeSlicesEaten":2,"stat.useItem.tconstruct.mattock":560,"stat.mineBlock.minecraft.yellow_flower":4,"stat.craftItem.minecraft.wool":17,"stat.mineBlock.appliedenergistics2.quartz_ore":19,"stat.pickup.mysticalagriculture.fire_seeds":1,"stat.useItem.minecraft.concrete_powder":14,"stat.mineBlock.thaumcraft.ore_amber":2,"stat.pickup.tp.plump_peach":1,"stat.pickup.chickens.spawn_egg":1,"stat.mineBlock.cyclicmagic.energy_pump":7,"stat.pickup.minecraft.bow":1,"stat.useItem.minecraft.egg":6,"stat.drop.tp.emerald_spear":1,"stat.mineBlock.minecraft.obsidian":7,"stat.useItem.tp.emerald_spear":1,"stat.flyOneCm":4128539,"stat.craftItem.mysticalagriculture.grains_of_infinity_seeds":2,"stat.pickup.actuallyadditions.item_booklet":1,"stat.pickup.minecraft.fish":2,"stat.useItem.extrautils2.compressedgravel":92,"stat.craftItem.extrautils2.grocket":29,"stat.craftItem.missing_pieces.end_stone_wedge":195,"stat.craftItem.botania.dye":46,"stat.pickup.mysticalagriculture.dirt_essence":62,"stat.timeSinceDeath":1494843,"stat.craftItem.immersiveengineering.treated_wood":16,"stat.killEntity.Bat":2,"stat.craftItem.mysticalagriculture.mystical_fertilizer":6,"stat.pickup.hatchery.chickenmanure":1140,"stat.mineBlock.excompressum.bait":1,"stat.craftItem.tconstruct.seared":193,"stat.pickup.minecraft.nether_wart":6,"stat.craftItem.minecraft.concrete_powder":528,"stat.mineBlock.minecraft.coal_ore":144,"stat.pickup.minecraft.shield":1,"stat.pickup.extrautils2.ingredients":17,"stat.pickup.minecraft.string":82,"stat.pickup.excompressum.compressed_hammer_stone":1,"stat.craftItem.tp.emerald_leggings":1,"stat.craftItem.tconstruct.tooltables":5,"stat.craftItem.excompressum.heavy_sieve":1,"stat.useItem.extrautils2.drum":3,"stat.mineBlock.extrautils2.machine":12,"stat.useItem.tconstruct.seared_stairs_brick":19,"stat.useItem.enderstorage.ender_storage":1,"stat.mineBlock.minecraft.diamond_ore":6,"stat.pickup.thaumcraft.crystal_aqua":18,"stat.craftItem.minecraft.fish":1,"stat.pickup.minecraft.snowball":28,"stat.useItem.tconstruct.hammer":4221,"stat.pickup.chisel.stonebrick2":1,"stat.diveOneCm":10238,"stat.pickup.tconstruct.tooltables":2,"stat.pickup.mysticalagriculture.ultimate_furnace":1,"stat.pickup.extrautils2.machine":15,"stat.pickup.exnihilocreatio.block_crucible":1,"stat.mineBlock.bigreactors.brore":22,"stat.craftItem.appliedenergistics2.quartz_block":51,"stat.craftItem.thermalexpansion.machine":1,"stat.craftItem.exnihilocreatio.block_crucible":18,"stat.jump":3558,"stat.pickup.mysticalagriculture.grains_of_infinity_seeds":4,"stat.craftItem.minecraft.torch":8,"stat.mineBlock.excompressum.wooden_crucible":1,"stat.useItem.minecraft.sapling":33,"stat.damageTaken":2712,"stat.mineBlock.torchmaster.mega_torch":17,"stat.pickup.immersiveengineering.metal":22,"stat.pickup.minecraft.concrete":18,"stat.pickup.tconstruct.ingots":2,"stat.pickup.minecraft.potato":7,"stat.useItem.forge.bucketfilled":22,"stat.useItem.immersiveengineering.metal_device1":2,"stat.craftItem.chisel.chisel_hitech":1,"stat.mineBlock.exnihilocreatio.block_barrel1":2,"stat.mineBlock.exnihilocreatio.block_barrel0":2,"stat.killEntity.Silverfish":17,"stat.craftItem.minecraft.stone_slab":18,"stat.pickup.hatchery.hatcheryegg":17,"stat.useItem.immersiveengineering.storage":5,"stat.useItem.minecraft.chest":1,"stat.pickup.thaumcraft.crystal_aer":29,"stat.craftItem.betterbuilderswands.wandunbreakable":1,"stat.useItem.tconstruct.faucet":3,"stat.craftItem.minecraft.iron_chestplate":1,"stat.pickup.minecraft.ender_pearl":40,"stat.craftItem.cyclicmagic.fluid_pump":1,"stat.craftItem.thermalfoundation.armor.boots_steel":1,"stat.useItem.minecraft.cobblestone_wall":20,"stat.pickup.minecraft.torch":173,"stat.craftItem.exnihilocreatio.item_ore_aluminium":27,"stat.mineBlock.exnihilocreatio.block_sieve":2,"stat.craftItem.minecraft.egg":16,"stat.craftItem.openblocks.sky":1048,"stat.pickup.exnihilocreatio.item_doll":5,"stat.pickup.thaumcraft.crystal_ordo":25,"stat.pickup.mysticalagriculture.fire_essence":13,"stat.useItem.cyclicmagic.sprinkler":9,"stat.mineBlock.extrautils2.compressedcobblestone":343,"stat.pickup.minecraft.fishing_rod":2,"stat.useItem.minecraft.planks":4,"stat.pickup.appliedenergistics2.drive":1,"stat.pickup.enderstorage.ender_storage":2,"stat.pickup.minecraft.porkchop":2,"stat.pickup.minecraft.blaze_powder":4,"stat.useItem.minecraft.water_bucket":51,"stat.pickup.minecraft.sand":583,"stat.useItem.stonechest.chest_cobblestone":10,"stat.pickup.fluxnetworks.herculeanfluxstorage":10,"stat.pickup.minecraft.name_tag":1,"stat.craftItem.extrautils2.redstoneclock":1,"stat.mineBlock.appliedenergistics2.grindstone":1,"stat.craftItem.extrautils2.resonator":1,"stat.craftItem.cyclicmagic.sprinkler":7,"stat.craftItem.minecraft.packed_ice":12,"stat.craftItem.minecraft.blaze_powder":320,"stat.pickup.mysticalagriculture.water_seeds":1,"stat.pickup.projectred-core.resource_item":164,"stat.craftItem.minecraft.hardened_clay":3,"stat.pickup.exnihilocreatio.block_barrel0":2,"stat.pickup.actuallyadditions.item_worm":2,"stat.pickup.exnihilocreatio.block_barrel1":2,"stat.craftItem.harvestcraft.watertrap":1,"stat.mineBlock.cyclicmagic.magnet_block":1,"stat.pickup.actuallyadditions.item_solidified_experience":66,"stat.pickup.appliedenergistics2.inscriber":5,"stat.pickup.appliedenergistics2.charger":1,"stat.pickup.minecraft.furnace":1,"stat.mineBlock.tconstruct.seared_stairs_brick":1,"stat.pickup.tconstruct.cast":1,"stat.pickup.exnihilocreatio.item_ore_iron":729,"stat.pickup.minecraft.iron_chestplate":1,"stat.pickup.exnihilocreatio.item_ore_osmium":90,"stat.useItem.minecraft.stone_stairs":194,"stat.mineBlock.extrautils2.passivegenerator":14,"stat.pickup.fluxnetworks.fluxpoint":1,"stat.mineBlock.rftools.crafter3":1,"stat.craftItem.exnihilocreatio.hammer_iron":9,"stat.mineBlock.rftools.crafter1":1,"stat.craftItem.minecraft.sand":522,"stat.craftItem.appliedenergistics2.quartz_glass":8,"stat.mineBlock.exnihilocreatio.block_auto_sifter":2,"stat.pickup.exnihilocreatio.item_ore_nickel":29,"stat.useItem.minecraft.hopper":2,"stat.craftItem.exnihilocreatio.item_ore_lead":26,"stat.craftItem.minecraft.heavy_weighted_pressure_plate":2,"stat.craftItem.enderio.block_simple_alloy_smelter":1,"stat.useItem.mysticalagriculture.dirt_seeds":2,"stat.playOneMinute":1913416,"stat.craftItem.appliedenergistics2.energy_cell":1,"stat.pickup.tp.bams_pizza":4,"stat.craftItem.minecraft.pumpkin_pie":3,"stat.pickup.thaumcraft.crystal_vitium":24,"stat.craftItem.appliedenergistics2.material":17,"stat.drop.exnihilocreatio.item_doll":5,"stat.mineBlock.appliedenergistics2.cable_bus":8,"stat.mineBlock.appliedenergistics2.charged_quartz_ore":10,"stat.craftItem.appliedenergistics2.grindstone":1,"stat.fallOneCm":12268,"stat.craftItem.minecraft.chest":12,"stat.pickup.mysticalagriculture.nature_seeds":17,"stat.mineBlock.minecraft.lever":7,"stat.pickup.minecraft.red_mushroom":4,"stat.mineBlock.cyclicmagic.harvester_block":7,"stat.craftItem.tconstruct.seared_tank":3,"stat.craftItem.minecraft.iron_leggings":1,"stat.pickup.fluidcows.stall":1,"stat.mineBlock.exnihilocreatio.block_dust":6,"stat.useItem.extrautils2.grocket":13,"stat.pickup.tp.plump_pear":1,"stat.craftItem.extrautils2.compressedgravel":357,"stat.craftItem.appliedenergistics2.energy_acceptor":1,"stat.killEntity.LavaSlime":79,"stat.pickup.minecraft.log":210,"stat.drop.immersiveengineering.tool":1,"stat.drop.minecraft.clay":1,"stat.craftItem.tconstruct.smeltery_controller":2,"stat.pickup.tconstruct.broadsword":1,"stat.craftItem.minecraft.snow":16,"stat.pickup.harvestcraft.fishtrapbaititem":4,"stat.craftItem.mysticalagriculture.inferium_sickle":1,"stat.pickup.immersiveengineering.metal_device1":4,"stat.mineBlock.openblocks.sky":13,"stat.sneakTime":59244,"stat.pickup.thaumcraft.amber":17,"stat.useItem.excompressum.compressed_hammer_iron":137,"stat.pickup.immersiveengineering.ore":34,"stat.useItem.thermalfoundation.storage_alloy":1,"stat.craftItem.thermalfoundation.armor.legs_steel":1,"stat.craftItem.botania.petal":46,"stat.craftItem.tconstruct.faucet":5,"stat.mineBlock.actuallyadditions.block_misc":16,"stat.craftItem.rftools.crafter2":1,"stat.craftItem.rftools.crafter1":1,"stat.craftItem.rftools.crafter3":1,"stat.craftItem.extrautils2.compressedcobblestone":343,"stat.swimOneCm":56848,"stat.pickup.exnihilocreatio.block_auto_sifter":2,"stat.useItem.mysticalagriculture.nether_seeds":1,"stat.craftItem.fluidcows.stall":7,"stat.useItem.minecraft.dirt":211,"stat.craftItem.draconicevolution.draconic_block":4,"stat.useItem.botania.fertilizer":7,"stat.craftItem.draconicevolution.draconic_ingot":50,"stat.mineBlock.minecraft.redstone_block":5,"stat.pickup.minecraft.clay":29,"stat.pickup.appliedenergistics2.material":261,"stat.pickup.extrautils2.compressedgravel":2,"stat.pickup.thaumcraft.crystal_ignis":46,"stat.pickup.minecraft.mutton":2,"stat.craftItem.tp.blaze_cobblegen_block":3,"stat.pickup.chisel.chisel_diamond":1,"stat.mineBlock.quantumflux.graphiteore":6,"stat.craftItem.minecraft.brick_block":16,"stat.craftItem.minecraft.stone_slab2":5,"stat.craftItem.thermalfoundation.armor.plate_steel":1,"stat.pickup.mysticalagriculture.water_essence":2,"stat.pickup.mysticalagriculture.stone_seeds":3,"stat.mineBlock.mekanism.oreblock":5,"stat.useItem.cyclicmagic.mattock":73,"stat.useItem.cyclicmagic.crafting_food":1,"stat.craftItem.cyclicmagic.crafting_food":3,"stat.mineBlock.rftools.dimensional_shard_ore":5,"stat.pickup.exnihilocreatio.item_material":64,"stat.craftItem.minecraft.stone":428,"stat.craftItem.tconstruct.seared_stairs_brick":20,"stat.useItem.tconstruct.casting":3,"stat.mineBlock.minecraft.crafting_table":1,"stat.pickup.ae2stuff.grower":7,"stat.useItem.minecraft.carrot":1,"stat.killEntity.Endermite":7,"stat.mineBlock.enderio.block_simple_alloy_smelter":3,"stat.pickup.exnihilocreatio.block_waterwheel":1,"stat.pickup.minecraft.slime_ball":64,"stat.mineBlock.chisel.concrete_gray1":3,"stat.craftItem.exnihilocreatio.item_ore_copper":36,"stat.craftItem.minecraft.clay":58,"stat.craftItem.mysticalagriculture.dirt_seeds":1,"stat.pickup.mysticalagriculture.ice_essence":5,"stat.pickup.tconstruct.toolforge":4,"stat.useItem.tp.bams_pizza":3,"stat.pickup.minecraft.gravel":3212,"stat.pickup.thaumcraft.curio":1,"stat.useItem.extrautils2.compressedcobblestone":332,"stat.useItem.exnihilocreatio.block_dust":6,"stat.pickup.exnihilocreatio.item_ore_tin":160,"stat.craftItem.minecraft.brick_stairs":4,"stat.pickup.minecraft.iron_helmet":1,"stat.craftItem.minecraft.poisonous_potato":2,"stat.craftItem.bonsaitrees.bonsaipot":2,"stat.pickup.mysticalagriculture.nether_essence":2,"stat.pickup.minecraft.spider_eye":11,"stat.useItem.minecraft.mycelium":9,"stat.craftItem.tconstruct.book":1,"stat.pickup.minecraft.iron_ore":70,"stat.craftItem.cyclicmagic.harvester_block":1,"stat.pickup.minecraft.leather":20,"stat.useItem.tconstruct.kama":28,"stat.pickup.mysticalagriculture.crafting":241,"stat.pickup.minecraft.reeds":40,"stat.mineBlock.tconstruct.stone_torch":36,"stat.pickup.mysticalagriculture.fertilized_essence":9,"stat.mineBlock.enderio.block_simple_wired_charger":8,"stat.pickup.tconstruct.materials":30,"stat.craftItem.minecraft.glass":16,"stat.useItem.missing_pieces.end_stone_wedge":150,"stat.killEntity.Pig":1,"stat.walkOneCm":3094852,"stat.craftItem.excompressum.compressed_block":48,"stat.pickup.minecraft.clay_ball":25,"stat.mineBlock.immersiveengineering.storage":9,"stat.craftItem.tconstruct.throwball":1056,"stat.pickup.minecraft.stone":422,"stat.craftItem.tp.stone_hammer":1,"stat.craftItem.minecraft.hay_block":7,"stat.craftItem.mysticalagriculture.inferium_furnace":1,"stat.pickup.minecraft.gold_ingot":413,"stat.mineBlock.thermalfoundation.ore_fluid":89,"stat.killEntity.Skeleton":25,"stat.mineBlock.minecraft.cactus":3,"stat.craftItem.exnihilocreatio.item_ore_tin":42,"stat.craftItem.cyclicmagic.energy_pipe":8,"stat.killEntity.Spider":3,"stat.craftItem.openblocks.dev_null":2,"stat.pickup.minecraft.quartz":271,"stat.craftItem.farmingforblockheads.market":1,"stat.mineBlock.extrautils2.redstoneclock":2,"stat.useItem.appliedenergistics2.part":7,"stat.mineBlock.minecraft.redstone_ore":78,"stat.useItem.mysticalagriculture.mystical_fertilizer":5,"stat.mineBlock.tconstruct.casting":4,"stat.craftItem.minecraft.coal_block":28,"stat.craftItem.minecraft.brick":70,"stat.craftItem.exnihilocreatio.item_mesh":4,"stat.mineBlock.minecraft.stone":13280}