{"stat.craftItem.immersiveengineering.stone_decoration":261,"stat.drop.excompressum.compressed_hammer_stone":3,"stat.leaveGame":20,"stat.pickup.mekanism.machineblock2":4,"stat.drop.minecraft.redstone":8,"stat.craftItem.excompressum.compressed_hammer_stone":1,"stat.craftItem.minecraft.ender_eye":9,"stat.craftItem.minecraft.string":128,"stat.craftItem.thermalfoundation.armor.helmet_steel":1,"stat.craftItem.minecraft.shield":1,"stat.pickup.immersiveengineering.conveyor":368,"stat.mineBlock.gravestone.gravestone":2,"stat.drop.minecraft.iron_sword":3,"stat.pickup.exnihilocreatio.block_dust":226,"stat.pickup.minecraft.rotten_flesh":1,"stat.mineBlock.enderio.block_fused_quartz":16,"stat.pickup.mysticalagriculture.dirt_seeds":1,"stat.mineBlock.immersiveengineering.treated_wood":258,"stat.pickup.minecraft.brick_block":25,"stat.pickup.immersiveengineering.shield":3,"stat.useItem.tconstruct.throwball":27,"stat.pickup.minecraft.bucket":56,"stat.craftItem.minecraft.iron_shovel":1,"stat.pickup.harvestcraft.mortarandpestleitem":1,"stat.pickup.harvestcraft.breadfruititem":2,"stat.mineBlock.exnihilocreatio.block_waterwheel":1,"stat.craftItem.excompressum.compressed_hammer_diamond":1,"stat.pickup.exnihilocreatio.item_ore_copper":26,"stat.craftItem.extrautils2.machine":1,"stat.useItem.minecraft.iron_pickaxe":251,"stat.useItem.minecraft.iron_shovel":34,"stat.mineBlock.minecraft.brick_block":25,"stat.pickup.excompressum.heavy_sieve":1,"stat.craftItem.minecraft.glass_pane":80,"stat.useItem.minecraft.hardened_clay":13,"stat.mineBlock.minecraft.hopper":2,"stat.pickup.thermalfoundation.material":678,"stat.useItem.ceramics.clay_hard":29,"stat.useItem.immersiveengineering.sheetmetal_slab":78,"stat.furnaceInteraction":108,"stat.drop.minecraft.gravel":1,"stat.useItem.minecraft.golden_carrot":2,"stat.craftItem.immersiveengineering.blueprint":1,"stat.pickup.extrautils2.enderlilly":1,"stat.pickup.appliedenergistics2.quartz_growth_accelerator":2,"stat.craftItem.excompressum.compressed_crook":1,"stat.pickup.chickens.liquid_egg":16,"stat.craftItem.tp.birthday_pickaxe":10,"stat.mineBlock.immersiveengineering.wooden_device0":7,"stat.mineBlock.ae2stuff.grower":1,"stat.mineBlock.immersiveengineering.wooden_device1":33,"stat.useItem.immersiveengineering.wooden_decoration":8,"stat.craftItem.chiselsandbits.tape_measure":1,"stat.drop.appliedenergistics2.crystal_seed":24,"stat.useItem.tconstruct.stone_torch":85,"stat.pickup.harvestcraft.toastitem":2,"stat.mineBlock.storagedrawers.customdrawers":1,"stat.useItem.harvestcraft.breadfruititem":2,"stat.pickup.cyclicmagic.energy_pump":3,"stat.pickup.immersiveengineering.sheetmetal":201,"stat.pickup.minecraft.emerald":4,"stat.pickup.cyclicmagic.tool_torch_launcher":1,"stat.useItem.minecraft.dye":12,"stat.pickup.cyclicmagic.charm_air":3,"stat.mineBlock.enderstorage.ender_storage":4,"stat.pickup.minecraft.lever":10,"stat.deaths":2,"stat.pickup.minecraft.egg":1,"stat.pickup.thaumcraft.crystal_terra":3,"stat.pickup.tconstruct.stone_torch":136,"stat.craftItem.minecraft.iron_pickaxe":1,"stat.pickup.immersiveengineering.sheetmetal_slab":39,"stat.pickup.minecraft.item_frame":2,"stat.craftItem.minecraft.repeater":1,"stat.mineBlock.minecraft.tallgrass":42,"stat.pickup.tconstruct.seared":1,"stat.chestOpened":717,"stat.mineBlock.mekanism.machineblock2":3,"stat.pickup.immersiveengineering.material":457,"stat.craftItem.appliedenergistics2.part":30,"stat.pickup.extrautils2.compressedcobblestone":1,"stat.pickup.stoneblockutilities.stoneworkbench":3,"stat.useItem.minecraft.clay":33,"stat.craftItem.minecraft.coal":42,"stat.mineBlock.extrautils2.interactionproxy":3,"stat.mineBlock.fluxnetworks.herculeanfluxstorage":10,"stat.crouchOneCm":59877,"stat.mineBlock.minecraft.chest":1,"stat.craftItem.minecraft.iron_ingot":114,"stat.mineBlock.harvestcraft.pambreadfruit":1,"stat.mineBlock.minecraft.hardened_clay":9,"stat.craftItem.minecraft.hopper":5,"stat.craftingTableInteraction":8,"stat.craftItem.blockcraftery.editable_trap_door":20,"stat.pickup.ceramics.clay_hard":48,"stat.pickup.minecraft.repeater":1,"stat.craftItem.tconstruct.pattern":13,"stat.craftItem.immersiveengineering.powerpack":1,"stat.pickup.immersiveengineering.stone_decoration":335,"stat.pickup.minecraft.dye":352,"stat.pickup.minecraft.planks":67,"stat.pickup.minecraft.wheat_seeds":848,"stat.pickup.immersiveengineering.steel_armor_chest":1,"stat.pickup.enderio.item_material":6,"stat.mineBlock.yabba.item_barrel":12,"stat.mineBlock.minecraft.dirt":115,"stat.useItem.stoneblockutilities.crook_stone":193,"stat.pickup.exnihilocreatio.item_mesh":3,"stat.craftItem.immersiveengineering.sheetmetal":559,"stat.craftItem.immersiveengineering.steel_armor_chest":1,"stat.pickup.immersiveengineering.seed":370,"stat.useItem.minecraft.bread":2,"stat.craftItem.thermalfoundation.storage":2,"stat.mineBlock.extrautils2.compresseddirt":34,"stat.useItem.minecraft.cobblestone":372,"stat.useItem.minecraft.gravel":61,"stat.craftItem.exnihilocreatio.block_waterwheel":1,"stat.craftItem.ceramics.clay_hard":30,"stat.pickup.immersiveengineering.steel_armor_legs":1,"stat.mineBlock.extrautils2.crafter":1,"stat.pickup.extrautils2.crafter":1,"stat.craftItem.minecraft.gold_ingot":36,"stat.pickup.minecraft.hopper":2,"stat.pickup.minecraft.chicken":2,"stat.craftItem.immersiveengineering.metal_decoration1_slab":252,"stat.pickup.minecraft.apple":8,"stat.craftItem.immersiveengineering.tool":15,"stat.craftItem.appliedenergistics2.fluix_block":7,"stat.craftItem.minecraft.bucket":18,"stat.craftItem.minecraft.planks":1640,"stat.pickup.psi.cad_assembler":1,"stat.pickup.torchmaster.mega_torch":2,"stat.craftItem.stoneblockutilities.stoneworkbench":1,"stat.craftItem.tconstruct.stone_torch":68,"stat.useItem.minecraft.stonebrick":7,"stat.mineBlock.minecraft.log":108,"stat.mineBlock.thaumcraft.table_wood":1,"stat.pickup.thaumcraft.table_wood":1,"stat.useItem.chickens.liquid_egg":27,"stat.mineBlock.extrautils2.enderlilly":1,"stat.craftItem.minecraft.paper":3,"stat.pickup.minecraft.red_flower":3,"stat.pickup.exnihilocreatio.block_sieve":1,"stat.useItem.chiselsandbits.tape_measure":42,"stat.pickup.immersiveengineering.connector":61,"stat.craftItem.minecraft.cobblestone":21,"stat.mineBlock.thermalfoundation.storage_resource":13,"stat.cakeSlicesEaten":4,"stat.useItem.minecraft.iron_axe":209,"stat.mineBlock.minecraft.cobblestone":301,"stat.useItem.tconstruct.mattock":1,"stat.pickup.minecraft.flint":7,"stat.mineBlock.minecraft.yellow_flower":2,"stat.craftItem.thermalfoundation.storage_alloy":1,"stat.drop.thermalfoundation.material":10,"stat.useItem.cyclicmagic.cyclic_wand_build":2,"stat.pickup.immersiveengineering.metal_decoration0":10,"stat.pickup.immersiveengineering.metal_decoration1":321,"stat.pickup.immersiveengineering.metal_decoration2":264,"stat.craftItem.immersiveengineering.conveyor":809,"stat.drop.minecraft.cobblestone":9,"stat.pickup.tp.plump_peach":2,"stat.mineBlock.minecraft.dropper":5,"stat.useItem.minecraft.obsidian":1,"stat.useItem.minecraft.stone_slab2":564,"stat.mineBlock.cyclicmagic.energy_pump":3,"stat.pickup.forge.bucketfilled":11,"stat.mineBlock.fluxnetworks.fluxplug":3,"stat.craftItem.minecraft.furnace":3,"stat.craftItem.exnihilocreatio.hammer_diamond":9,"stat.mineBlock.minecraft.obsidian":67,"stat.pickup.mysticalagradditions.special":1,"stat.mineBlock.minecraft.clay":34,"stat.useItem.exnihilocreatio.hammer_stone":436,"stat.useItem.minecraft.brick_block":51,"stat.flyOneCm":2237564,"stat.pickup.minecraft.sandstone":6,"stat.pickup.immersiveengineering.steel_armor_head":1,"stat.mineBlock.immersiveengineering.metal_decoration2":199,"stat.mineBlock.immersiveengineering.metal_decoration1":284,"stat.useItem.extrautils2.compressedgravel":32,"stat.mineBlock.immersiveengineering.metal_decoration0":8,"stat.craftItem.tp.reinforced_obsidian":12,"stat.pickup.mysticalagriculture.dirt_essence":63,"stat.pickup.thermalfoundation.armor.helmet_steel":1,"stat.timeSinceDeath":69065,"stat.pickup.yabba.item_barrel":15,"stat.mineBlock.fluxnetworks.fluxpoint":7,"stat.craftItem.immersiveengineering.treated_wood":1085,"stat.killEntity.Bat":1,"stat.pickup.hatchery.chickenmanure":158,"stat.craftItem.minecraft.stonebrick":64,"stat.craftItem.fluxnetworks.fluxcore":12,"stat.killEntity.Creeper":4,"stat.pickup.extrautils2.ingredients":8,"stat.pickup.minecraft.string":6,"stat.useItem.storagedrawers.customdrawers":6,"stat.pickup.excompressum.compressed_hammer_stone":4,"stat.craftItem.tconstruct.stone_stick":44,"stat.useItem.immersiveengineering.jerrycan":10,"stat.craftItem.immersiveengineering.railgun":1,"stat.craftItem.tconstruct.tooltables":1,"stat.useItem.minecraft.dropper":4,"stat.sprintOneCm":1740960,"stat.pickup.stoneblockutilities.crook_stone":1,"stat.pickup.immersiveengineering.tool":11,"stat.mineBlock.extrautils2.machine":5,"stat.mineBlock.psi.cad_assembler":1,"stat.craftItem.psi.cad_assembly":1,"stat.pickup.cyclicmagic.ender_pearl_mounted":1,"stat.pickup.extrautils2.passivegenerator":4,"stat.craftItem.immersiveengineering.jerrycan":1,"stat.useItem.enderstorage.ender_storage":3,"stat.craftItem.immersiveengineering.sheetmetal_slab":66,"stat.pickup.thermalfoundation.armor.legs_steel":1,"stat.pickup.thaumcraft.crystal_aqua":9,"stat.pickup.thermalfoundation.storage_resource":13,"stat.craftItem.immersiveengineering.wirecoil":296,"stat.mineBlock.extrautils2.compressedsand":16,"stat.killEntity.Zombie":11,"stat.craftItem.minecraft.dye":3,"stat.craftItem.exnihilocreatio.item_cooked_silkworm":1,"stat.diveOneCm":14013,"stat.craftItem.minecraft.sandstone":92,"stat.mineBlock.immersiveengineering.metal_device0":22,"stat.pickup.minecraft.wheat":677,"stat.mineBlock.immersiveengineering.metal_device1":89,"stat.pickup.tconstruct.tooltables":2,"stat.mineBlock.thermalfoundation.storage_alloy":2,"stat.pickup.extrautils2.machine":5,"stat.drop.minecraft.stone_stairs":5,"stat.mineBlock.immersiveengineering.stone_device":16,"stat.useItem.minecraft.chicken":1,"stat.pickup.minecraft.obsidian":133,"stat.useItem.immersiveengineering.metal_decoration1_slab":225,"stat.pickup.cyclicmagic.crafting_food":1,"stat.useItem.minecraft.rotten_flesh":1,"stat.mineBlock.immersiveengineering.connector":40,"stat.useItem.immersiveengineering.stone_decoration":244,"stat.useItem.minecraft.sand":52,"stat.jump":11948,"stat.pickup.tp.birthday_pickaxe":2,"stat.pickup.minecraft.coal":1793,"stat.pickup.minecraft.iron_ingot":216,"stat.pickup.tconstruct.seared_tank":1,"stat.craftItem.minecraft.lever":20,"stat.pickup.minecraft.gunpowder":2,"stat.drop.immersiveengineering.conveyor":12,"stat.mineBlock.roost.roost":4,"stat.pickup.minecraft.dirt":431,"stat.craftItem.tp.chicken_sandwhich":160,"stat.craftItem.tp.bams_pizza":12,"stat.useItem.minecraft.dispenser":2,"stat.useItem.minecraft.sapling":24,"stat.damageTaken":2966,"stat.pickup.immersiveengineering.powerpack":4,"stat.mineBlock.torchmaster.mega_torch":2,"stat.mineBlock.minecraft.torch":52,"stat.mineBlock.minecraft.red_flower":4,"stat.mineBlock.minecraft.sapling":2,"stat.drop.tconstruct.slimesling":1,"stat.craftItem.minecraft.glowstone":16,"stat.pickup.immersiveengineering.axe_steel":2,"stat.craftItem.extrautils2.compressedsand":14,"stat.craftItem.exnihilocreatio.crook_wood":4,"stat.useItem.immersiveengineering.metal_device0":21,"stat.pickup.chiselsandbits.tape_measure":1,"stat.useItem.immersiveengineering.metal_device1":148,"stat.craftItem.chisel.chisel_hitech":1,"stat.mineBlock.exnihilocreatio.block_barrel0":2,"stat.useItem.excompressum.compressed_hammer_diamond":84,"stat.craftItem.immersiveengineering.cloth_device":30,"stat.craftItem.immersiveengineering.axe_steel":1,"stat.useItem.minecraft.chest":1,"stat.drop.minecraft.wheat":14,"stat.pickup.immersiveengineering.treated_wood_slab":23,"stat.craftItem.harvestcraft.flouritem":130,"stat.useItem.minecraft.lava_bucket":7,"stat.pickup.thaumcraft.crystal_aer":7,"stat.useItem.actuallyadditions.item_worm":1,"stat.pickup.blockcraftery.editable_trap_door":20,"stat.mineBlock.immersiveengineering.sheetmetal":174,"stat.pickup.minecraft.ender_pearl":2,"stat.craftItem.immersiveengineering.shield":1,"stat.pickup.cyclicmagic.glove_climb":4,"stat.pickup.thaumcraft.crystal_perditio":3,"stat.useItem.immersiveengineering.steel_scaffolding_stairs0":15,"stat.useItem.blockcraftery.editable_trap_door":16,"stat.mobKills":37,"stat.useItem.appliedenergistics2.drive":1,"stat.craftItem.exnihilocreatio.item_ore_gold":16,"stat.pickup.minecraft.diamond":3,"stat.pickup.minecraft.torch":93,"stat.drop.exnihilocreatio.item_mesh":1,"stat.pickup.roost.roost":7,"stat.craftItem.exnihilocreatio.item_ore_silver":15,"stat.pickup.immersiveengineering.railgun":1,"stat.craftItem.minecraft.compass":2,"stat.mineBlock.exnihilocreatio.block_sieve":1,"stat.useItem.extrautils2.compresseddirt":32,"stat.useItem.thermalfoundation.storage_resource":12,"stat.mineBlock.tconstruct.seared_tank":1,"stat.useItem.chisel.glasspane":15,"stat.craftItem.minecraft.iron_axe":1,"stat.pickup.thaumcraft.crystal_ordo":7,"stat.craftItem.thaumcraft.table_wood":2,"stat.pickup.chisel.glowstone":6,"stat.mineBlock.extrautils2.compressedcobblestone":85,"stat.useItem.minecraft.planks":7,"stat.craftItem.exnihilocreatio.block_dust":9,"stat.craftItem.immersiveengineering.treated_wood_slab":384,"stat.pickup.minecraft.glowstone_dust":186,"stat.mineBlock.ceramics.clay_hard":48,"stat.pickup.enderstorage.ender_storage":4,"stat.pickup.minecraft.glass":52,"stat.pickup.psi.material":64,"stat.craftItem.immersiveengineering.metal_device0":17,"stat.craftItem.immersiveengineering.metal_device1":149,"stat.pickup.tconstruct.slimesling":3,"stat.craftItem.psi.cad_assembler":1,"stat.useItem.minecraft.water_bucket":24,"stat.pickup.minecraft.sand":363,"stat.pickup.minecraft.hardened_clay":24,"stat.pickup.immersiveengineering.steel_scaffolding_stairs0":2,"stat.useItem.blockcraftery.editable_slab":8,"stat.useItem.tp.plump_pear":1,"stat.pickup.fluxnetworks.herculeanfluxstorage":11,"stat.drop.hatchery.chickenmanure":7,"stat.craftItem.tp.bread_slice":320,"stat.pickup.exnihilocreatio.item_pebble":39,"stat.drop.roost.chicken":1,"stat.useItem.minecraft.ender_pearl":2,"stat.mineBlock.minecraft.sand":54,"stat.pickup.immersiveengineering.wirecoil":61,"stat.hopperInspected":12,"stat.useItem.yabba.item_barrel":2,"stat.pickup.projectred-core.resource_item":15,"stat.craftItem.minecraft.hardened_clay":126,"stat.pickup.exnihilocreatio.block_barrel0":2,"stat.pickup.actuallyadditions.item_worm":2,"stat.craftItem.fluxnetworks.fluxplug":1,"stat.craftItem.appliedenergistics2.quartz_growth_accelerator":6,"stat.useItem.immersiveengineering.connector":85,"stat.craftItem.yabba.item_barrel":4,"stat.pickup.appliedenergistics2.crystal_seed":72,"stat.pickup.actuallyadditions.item_solidified_experience":1,"stat.craftItem.thermalfoundation.material":1616,"stat.useItem.minecraft.redstone":2,"stat.useItem.tp.plump_peach":1,"stat.pickup.extrautils2.compressedsand":4,"stat.mineBlock.minecraft.redstone_lamp":1,"stat.pickup.exnihilocreatio.item_ore_iron":89,"stat.pickup.exnihilocreatio.item_ore_osmium":13,"stat.pickup.minecraft.skull":2,"stat.craftItem.blockcraftery.editable_slab":9,"stat.mineBlock.extrautils2.passivegenerator":4,"stat.pickup.fluxnetworks.fluxpoint":7,"stat.pickup.minecraft.stone_stairs":5,"stat.craftItem.minecraft.sand":279,"stat.useItem.betterbuilderswands.wanddiamond":199,"stat.craftItem.appliedenergistics2.quartz_glass":12,"stat.useItem.immersiveengineering.seed":23,"stat.mineBlock.extrautils2.cursedearth":2,"stat.pickup.minecraft.pumpkin_seeds":2,"stat.pickup.exnihilocreatio.item_ore_nickel":1,"stat.craftItem.chisel.chisel_diamond":1,"stat.useItem.minecraft.hopper":1,"stat.craftItem.immersiveengineering.material":1067,"stat.craftItem.minecraft.heavy_weighted_pressure_plate":1,"stat.pickup.immersiveengineering.wooden_decoration":8,"stat.drop.extrautils2.passivegenerator":4,"stat.playOneMinute":1789033,"stat.pickup.minecraft.blaze_rod":27,"stat.useItem.immersiveengineering.wooden_device0":3,"stat.useItem.immersiveengineering.wooden_device1":36,"stat.pickup.minecraft.dispenser":11,"stat.pickup.blockcraftery.editable_slab":9,"stat.pickup.enderio.block_fused_quartz":14,"stat.craftItem.fluxnetworks.fluxpoint":1,"stat.craftItem.immersiveengineering.wooden_device1":20,"stat.craftItem.immersiveengineering.wooden_device0":9,"stat.pickup.thaumcraft.crystal_vitium":3,"stat.pickup.tconstruct.casting":3,"stat.craftItem.appliedenergistics2.material":27,"stat.useItem.thermalfoundation.tool.hoe_steel":25,"stat.mineBlock.minecraft.dispenser":2,"stat.craftItem.harvestcraft.mixingbowlitem":1,"stat.craftItem.immersiveengineering.toolupgrade":2,"stat.mineBlock.immersiveengineering.wooden_decoration":8,"stat.drop.minecraft.flint":6,"stat.craftItem.minecraft.flint":42,"stat.useItem.immersiveengineering.axe_steel":410,"stat.fallOneCm":154030,"stat.pickup.minecraft.dropper":5,"stat.craftItem.minecraft.chest":20,"stat.mineBlock.minecraft.lever":6,"stat.craftItem.cookingforblockheads.spice_rack":2,"stat.dropperInspected":1,"stat.drop.minecraft.bone":1,"stat.useItem.cookingforblockheads.spice_rack":2,"stat.useItem.minecraft.furnace":1,"stat.pickup.excompressum.wood_chippings":14,"stat.useItem.harvestcraft.epicbaconitem":13,"stat.craftItem.tconstruct.materials":17,"stat.pickup.draconicevolution.draconium_chest":3,"stat.mineBlock.minecraft.gravel":63,"stat.craftItem.exnihilocreatio.block_auto_sifter":1,"stat.pickup.immersiveengineering.jerrycan":1,"stat.useItem.minecraft.torch":2,"stat.mineBlock.exnihilocreatio.block_dust":5,"stat.craftItem.minecraft.redstone_block":6,"stat.pickup.tp.plump_pear":2,"stat.craftItem.extrautils2.compressedgravel":88,"stat.craftItem.minecraft.crafting_table":2,"stat.pickup.minecraft.redstone_block":1,"stat.pickup.minecraft.log":376,"stat.drop.immersiveengineering.tool":2,"stat.pickup.immersiveengineering.metal_decoration1_slab":90,"stat.craftItem.minecraft.stone_button":1,"stat.craftItem.betterbuilderswands.wanddiamond":3,"stat.craftItem.harvestcraft.bakewareitem":1,"stat.drop.minecraft.planks":3,"stat.pickup.minecraft.sapling":91,"stat.pickup.roost.chicken":17,"stat.useItem.thaumcraft.table_wood":1,"stat.craftItem.minecraft.end_stone":9,"stat.drop.immersiveengineering.material":3,"stat.pickup.tp.chicken_sandwhich":121,"stat.pickup.extrautils2.trashcan":8,"stat.pickup.immersiveengineering.metal_device0":22,"stat.pickup.immersiveengineering.metal_device1":104,"stat.pickup.tconstruct.slime_boots":2,"stat.sneakTime":27641,"stat.pickup.thaumcraft.amber":30,"stat.craftItem.immersiveengineering.faraday_suit_legs":1,"stat.drop.minecraft.bucket":1,"stat.useItem.minecraft.baked_potato":6,"stat.mineBlock.extrautils2.compressedgravel":34,"stat.drop.minecraft.yellow_flower":1,"stat.pickup.minecraft.stone_slab":1,"stat.pickup.minecraft.yellow_flower":2,"stat.craftItem.immersiveengineering.steel_armor_head":1,"stat.pickup.minecraft.chest":1,"stat.craftItem.minecraft.diamond_chestplate":1,"stat.pickup.minecraft.bone":1,"stat.craftItem.thermalfoundation.armor.legs_steel":1,"stat.pickup.immersiveengineering.wooden_device1":35,"stat.useItem.immersiveengineering.conveyor":426,"stat.craftItem.immersiveengineering.connector":146,"stat.pickup.immersiveengineering.wooden_device0":7,"stat.pickup.cookingforblockheads.spice_rack":2,"stat.useItem.minecraft.diamond_sword":36,"stat.pickup.exnihilocreatio.item_ore_lead":15,"stat.craftItem.minecraft.iron_trapdoor":15,"stat.pickup.extrautils2.interactionproxy":3,"stat.craftItem.extrautils2.compressedcobblestone":385,"stat.swimOneCm":34510,"stat.climbOneCm":13805,"stat.pickup.exnihilocreatio.block_auto_sifter":1,"stat.pickup.industrialforegoing.plastic":95,"stat.craftItem.appliedenergistics2.crank":1,"stat.useItem.minecraft.dirt":131,"stat.craftItem.immersiveengineering.wooden_decoration":21,"stat.pickup.immersiveengineering.toolbox":1,"stat.pickup.excompressum.compressed_hammer_diamond":1,"stat.pickup.minecraft.cobblestone":7388,"stat.drop.exnihilocreatio.item_ore_iron":6,"stat.mineBlock.minecraft.redstone_block":1,"stat.craftItem.storagedrawers.customdrawers":8,"stat.pickup.appliedenergistics2.material":8,"stat.drop.minecraft.wheat_seeds":6,"stat.mineBlock.immersiveengineering.steel_scaffolding_stairs0":2,"stat.craftItem.minecraft.wooden_slab":12,"stat.craftItem.extrautils2.compresseddirt":34,"stat.pickup.minecraft.cactus":2,"stat.ae2.TurnedCranks":152,"stat.pickup.minecraft.redstone":50,"stat.useItem.immersiveengineering.cloth_device":29,"stat.craftItem.minecraft.book":1,"stat.mineBlock.blockcraftery.editable_block":1,"stat.pickup.exnihilocreatio.hammer_stone":1,"stat.drop.minecraft.log":1,"stat.pickup.thaumcraft.crystal_ignis":5,"stat.drop.immersiveengineering.axe_steel":1,"stat.useItem.minecraft.lever":1,"stat.pickup.immersiveengineering.cloth_device":47,"stat.mineBlock.blockcraftery.editable_trap_door":20,"stat.pickup.minecraft.redstone_lamp":1,"stat.useItem.appliedenergistics2.quartz_growth_accelerator":1,"stat.mineBlock.extrautils2.trashcan":7,"stat.useItem.immersiveengineering.treated_wood":221,"stat.craftItem.minecraft.brick_block":261,"stat.craftItem.exnihilocreatio.hammer_stone":6,"stat.pickup.exnihilocreatio.item_ore_aluminium":18,"stat.craftItem.minecraft.stone_slab2":0,"stat.drop.exnihilocreatio.block_barrel0":2,"stat.craftItem.tp.reinforced_obsidian_ingot":18,"stat.craftItem.minecraft.stick":476,"stat.useItem.extrautils2.passivegenerator":3,"stat.useItem.cyclicmagic.crafting_food":1,"stat.pickup.storagedrawers.customdrawers":1,"stat.pickup.exnihilocreatio.item_material":8,"stat.useItem.immersiveengineering.wirecoil":220,"stat.pickup.fluxnetworks.fluxplug":3,"stat.craftItem.minecraft.stone":68,"stat.useItem.tconstruct.casting":1,"stat.pickup.ae2stuff.grower":1,"stat.useItem.excompressum.compressed_hammer_stone":171,"stat.drop.exnihilocreatio.block_dust":1,"stat.craftItem.cookingforblockheads.toaster":1,"stat.craftItem.minecraft.clay_ball":76,"stat.pickup.minecraft.diamond_chestplate":1,"stat.pickup.exnihilocreatio.block_waterwheel":1,"stat.useItem.extrautils2.crafter":1,"stat.entityKilledBy.Creeper":1,"stat.mineBlock.cookingforblockheads.spice_rack":2,"stat.useItem.tp.chicken_sandwhich":9,"stat.mineBlock.minecraft.planks":7,"stat.useItem.extrautils2.compressedsand":17,"stat.drop":144,"stat.useItem.harvestcraft.toastitem":2,"stat.mineBlock.blockcraftery.editable_slab":8,"stat.craftItem.immersiveengineering.steel_scaffolding_stairs0":16,"stat.pickup.blockcraftery.editable_block":1,"stat.craftItem.cookingforblockheads.cabinet":1,"stat.craftItem.exnihilocreatio.item_ore_copper":14,"stat.craftItem.minecraft.clay":160,"stat.craftItem.minecraft.piston":9,"stat.useItem.tp.bams_pizza":16,"stat.useItem.immersiveengineering.tool":41,"stat.pickup.minecraft.gravel":917,"stat.useItem.extrautils2.compressedcobblestone":82,"stat.craftItem.immersiveengineering.toolbox":1,"stat.useItem.minecraft.apple":8,"stat.useItem.exnihilocreatio.block_dust":2,"stat.pickup.exnihilocreatio.item_ore_tin":25,"stat.useItem.immersiveengineering.metal_decoration2":256,"stat.useItem.immersiveengineering.metal_decoration1":455,"stat.pickup.minecraft.diamond_sword":1,"stat.useItem.immersiveengineering.metal_decoration0":6,"stat.useItem.tp.birthday_pickaxe":7582,"stat.useItem.minecraft.stone_axe":130,"stat.pickup.mysticalagriculture.nether_essence":1,"stat.craftItem.minecraft.bread":128,"stat.craftItem.immersiveengineering.faraday_suit_head":1,"stat.craftItem.exnihilocreatio.block_axle_stone":2,"stat.craftItem.stoneblockutilities.crook_stone":1,"stat.useItem.minecraft.cooked_chicken":28,"stat.craftItem.immersiveengineering.metal_decoration1":1385,"stat.craftItem.immersiveengineering.metal_decoration2":187,"stat.craftItem.exnihilocreatio.item_ore_iron":49,"stat.craftItem.immersiveengineering.metal_decoration0":31,"stat.mineBlock.tconstruct.tooltables":2,"stat.craftItem.fluxnetworks.fluxblock":1,"stat.mineBlock.minecraft.leaves2":2,"stat.craftItem.minecraft.iron_bars":16,"stat.dispenserInspected":1,"stat.pickup.minecraft.prismarine_shard":1,"stat.mineBlock.immersiveengineering.conveyor":283,"stat.pickup.mysticalagriculture.crafting":1,"stat.pickup.minecraft.reeds":3,"stat.pickup.exnihilocreatio.item_ore_silver":1,"stat.mineBlock.tconstruct.stone_torch":57,"stat.craftItem.immersiveengineering.faraday_suit_feet":1,"stat.pickup.thermalfoundation.storage_alloy":1,"stat.craftItem.harvestcraft.doughitem":128,"stat.damageDealt":2150,"stat.craftItem.minecraft.baked_potato":6,"stat.mineBlock.excompressum.heavy_sieve":1,"stat.craftItem.minecraft.gravel":126,"stat.drop.mysticalagriculture.dirt_essence":7,"stat.walkOneCm":5561887,"stat.craftItem.excompressum.compressed_block":1,"stat.craftItem.thermalfoundation.tool.hoe_steel":1,"stat.pickup.minecraft.stick":2,"stat.mineBlock.stoneblockutilities.stoneworkbench":2,"stat.pickup.minecraft.clay_ball":136,"stat.craftItem.tconstruct.throwball":29,"stat.pickup.immersiveengineering.treated_wood":567,"stat.useItem.immersiveengineering.sheetmetal":350,"stat.craftItem.blockcraftery.editable_block":50,"stat.craftItem.harvestcraft.mortarandpestleitem":1,"stat.craftItem.minecraft.diamond_boots":1,"stat.craftItem.immersiveengineering.steel_armor_legs":1,"stat.pickup.actuallyadditions.item_spawner_changer":2,"stat.craftItem.immersiveengineering.faraday_suit_chest":1,"stat.mineBlock.appliedenergistics2.quartz_growth_accelerator":2,"stat.useItem.minecraft.cactus":1,"stat.useItem.immersiveengineering.treated_wood_slab":16,"stat.pickup.minecraft.gold_ingot":51,"stat.killEntity.Skeleton":5,"stat.mineBlock.immersiveengineering.cloth_device":39,"stat.craftItem.appliedenergistics2.crystal_seed":24,"stat.craftItem.mekanism.machineblock2":1,"stat.killEntity.Spider":8,"stat.pickup.minecraft.bread":1,"stat.craftItem.ae2stuff.grower":1,"stat.pickup.minecraft.quartz":163,"stat.craftItem.extrautils2.trashcan":2,"stat.mineBlock.minecraft.leaves":424,"stat.mineBlock.tconstruct.seared":1,"stat.mineBlock.tconstruct.casting":3,"stat.pickup.minecraft.lava_bucket":1,"stat.craftItem.minecraft.brick":291,"stat.mineBlock.immersiveengineering.stone_decoration":319,"stat.mineBlock.minecraft.stone":6056}