{"profiles":{"053e7f13-9e24-45c6-be4e-f93d30749492":{"peaceful":false,"no_death_mg":false,"no_area_of_effects":false,"no_explosions":false,"default":true,"hardcore":false,"no_status_effects":false,"nether":false},"0a6ff293-0330-4f42-b9cf-71f5eff3c46a":{"nether":false,"no_area_of_effects":false,"hardcore":false,"no_death_mg":false,"no_status_effects":false,"no_explosions":false,"peaceful":false,"default":true},"331bc2cd-96eb-4f21-8a65-b97c9a0264a8":{"nether":false,"no_explosions":false,"no_death_mg":false,"hardcore":false,"no_status_effects":false,"no_area_of_effects":false,"peaceful":false,"default":true}}}